event,event_datetime,market_group,market,selection,player_number,player_name,line,option,odds
Canada v Bosnia-Herzegovina,13 Jun 06:00,Result,Full Time Result,Canada,,,,,1.80
Canada v Bosnia-Herzegovina,13 Jun 06:00,Result,Full Time Result,Draw,,,,,3.50
Canada v Bosnia-Herzegovina,13 Jun 06:00,Result,Full Time Result,Bosnia-Herzegovina,,,,,4.75
Canada v Bosnia-Herzegovina,13 Jun 06:00,Result,Team To Kick Off,Canada,,,,,1.66
Canada v Bosnia-Herzegovina,13 Jun 06:00,Result,Team To Kick Off,Bosnia-Herzegovina,,,,,2.10
Canada v Bosnia-Herzegovina,13 Jun 06:00,Player to Score or Assist,Player to Score or Assist,Jonathan David,10,Jonathan David,Score,Score,2.62
Canada v Bosnia-Herzegovina,13 Jun 06:00,Player to Score or Assist,Player to Score or Assist,Cyle Larin,9,Cyle Larin,Score,Score,2.87
Canada v Bosnia-Herzegovina,13 Jun 06:00,Player to Score or Assist,Player to Score or Assist,Promise David,24,Promise David,Score,Score,2.87
Canada v Bosnia-Herzegovina,13 Jun 06:00,Player to Score or Assist,Player to Score or Assist,Tani Oluwaseyi,12,Tani Oluwaseyi,Score,Score,3.25
Canada v Bosnia-Herzegovina,13 Jun 06:00,Player to Score or Assist,Player to Score or Assist,Jacob Shaffelburg,14,Jacob Shaffelburg,Score,Score,4.33
Canada v Bosnia-Herzegovina,13 Jun 06:00,Player to Score or Assist,Player to Score or Assist,Jayden Nelson,26,Jayden Nelson,Score,Score,4.33
Canada v Bosnia-Herzegovina,13 Jun 06:00,Player to Score or Assist,Player to Score or Assist,Liam Millar,11,Liam Millar,Score,Score,5.50
Canada v Bosnia-Herzegovina,13 Jun 06:00,Player to Score or Assist,Player to Score or Assist,Tajon Buchanan,17,Tajon Buchanan,Score,Score,4.75
Canada v Bosnia-Herzegovina,13 Jun 06:00,Player to Score or Assist,Player to Score or Assist,Ali Ahmed,20,Ali Ahmed,Score,Score,6.50
Canada v Bosnia-Herzegovina,13 Jun 06:00,Player to Score or Assist,Player to Score or Assist,Edin Dzeko,11,Edin Dzeko,Score,Score,3.75
Canada v Bosnia-Herzegovina,13 Jun 06:00,Player to Score or Assist,Player to Score or Assist,Ismael Kone,8,Ismael Kone,Score,Score,4.75
Canada v Bosnia-Herzegovina,13 Jun 06:00,Player to Score or Assist,Player to Score or Assist,Haris Tabakovic,23,Haris Tabakovic,Score,Score,4.50
Canada v Bosnia-Herzegovina,13 Jun 06:00,Player to Score or Assist,Player to Score or Assist,Jonathan Osorio,21,Jonathan Osorio,Score,Score,5.50
Canada v Bosnia-Herzegovina,13 Jun 06:00,Player to Score or Assist,Player to Score or Assist,Stephen Eustaquio,7,Stephen Eustaquio,Score,Score,6.50
Canada v Bosnia-Herzegovina,13 Jun 06:00,Player to Score or Assist,Player to Score or Assist,Ermedin Demirovic,10,Ermedin Demirovic,Score,Score,4.75
Canada v Bosnia-Herzegovina,13 Jun 06:00,Player to Score or Assist,Player to Score or Assist,Niko Sigur,23,Niko Sigur,Score,Score,10.00
Canada v Bosnia-Herzegovina,13 Jun 06:00,Player to Score or Assist,Player to Score or Assist,Jovo Lukic,25,Jovo Lukic,Score,Score,4.75
Canada v Bosnia-Herzegovina,13 Jun 06:00,Player to Score or Assist,Player to Score or Assist,Kerim Alajbegovic,19,Kerim Alajbegovic,Score,Score,5.50
Canada v Bosnia-Herzegovina,13 Jun 06:00,Player to Score or Assist,Player to Score or Assist,Nathan-Dylan Saliba,25,Nathan-Dylan Saliba,Score,Score,5.50
Canada v Bosnia-Herzegovina,13 Jun 06:00,Player to Score or Assist,Player to Score or Assist,Samed Bazdar,9,Samed Bazdar,Score,Score,5.50
Canada v Bosnia-Herzegovina,13 Jun 06:00,Player to Score or Assist,Player to Score or Assist,Mathieu Choiniere,6,Mathieu Choiniere,Score,Score,6.50
Canada v Bosnia-Herzegovina,13 Jun 06:00,Player to Score or Assist,Player to Score or Assist,Esmir Bajraktarevic,20,Esmir Bajraktarevic,Score,Score,6.50
Canada v Bosnia-Herzegovina,13 Jun 06:00,Player to Score or Assist,Player to Score or Assist,Richie Laryea,22,Richie Laryea,Score,Score,12.00
Canada v Bosnia-Herzegovina,13 Jun 06:00,Player to Score or Assist,Player to Score or Assist,Amar Memic,15,Amar Memic,Score,Score,9.00
Canada v Bosnia-Herzegovina,13 Jun 06:00,Player to Score or Assist,Player to Score or Assist,Ermin Mahmic,26,Ermin Mahmic,Score,Score,6.50
Canada v Bosnia-Herzegovina,13 Jun 06:00,Player to Score or Assist,Player to Score or Assist,Joel Waterman,5,Joel Waterman,Score,Score,11.00
Canada v Bosnia-Herzegovina,13 Jun 06:00,Player to Score or Assist,Player to Score or Assist,Alistair Johnston,2,Alistair Johnston,Score,Score,11.00
Canada v Bosnia-Herzegovina,13 Jun 06:00,Player to Score or Assist,Player to Score or Assist,Armin Gigovic,8,Armin Gigovic,Score,Score,8.00
Canada v Bosnia-Herzegovina,13 Jun 06:00,Player to Score or Assist,Player to Score or Assist,Benjamin Tahirovic,6,Benjamin Tahirovic,Score,Score,9.00
Canada v Bosnia-Herzegovina,13 Jun 06:00,Player to Score or Assist,Player to Score or Assist,Ivan Basic,13,Ivan Basic,Score,Score,10.00
Canada v Bosnia-Herzegovina,13 Jun 06:00,Player to Score or Assist,Player to Score or Assist,Ivan Sunjic,14,Ivan Sunjic,Score,Score,12.00
Canada v Bosnia-Herzegovina,13 Jun 06:00,Player to Score or Assist,Player to Score or Assist,Alfie Jones,3,Alfie Jones,Score,Score,11.00
Canada v Bosnia-Herzegovina,13 Jun 06:00,Player to Score or Assist,Player to Score or Assist,Amir Hadziahmetovic,16,Amir Hadziahmetovic,Score,Score,12.00
Canada v Bosnia-Herzegovina,13 Jun 06:00,Player to Score or Assist,Player to Score or Assist,Dzenis Burnic,17,Dzenis Burnic,Score,Score,11.00
Canada v Bosnia-Herzegovina,13 Jun 06:00,Player to Score or Assist,Player to Score or Assist,Luc De Fougerolles,4,Luc De Fougerolles,Score,Score,11.00
Canada v Bosnia-Herzegovina,13 Jun 06:00,Player to Score or Assist,Player to Score or Assist,Moise Bombito,15,Moise Bombito,Score,Score,11.00
Canada v Bosnia-Herzegovina,13 Jun 06:00,Player to Score or Assist,Player to Score or Assist,Amar Dedic,7,Amar Dedic,Score,Score,12.00
Canada v Bosnia-Herzegovina,13 Jun 06:00,Player to Score or Assist,Player to Score or Assist,Derek Cornelius,13,Derek Cornelius,Score,Score,12.00
Canada v Bosnia-Herzegovina,13 Jun 06:00,Player to Score or Assist,Player to Score or Assist,Nidal Celik,24,Nidal Celik,Score,Score,17.00
Canada v Bosnia-Herzegovina,13 Jun 06:00,Player to Score or Assist,Player to Score or Assist,Nikola Katic,18,Nikola Katic,Score,Score,12.00
Canada v Bosnia-Herzegovina,13 Jun 06:00,Player to Score or Assist,Player to Score or Assist,Tarik Muharemovic,4,Tarik Muharemovic,Score,Score,17.00
Canada v Bosnia-Herzegovina,13 Jun 06:00,Player to Score or Assist,Player to Score or Assist,Sead Kolasinac,5,Sead Kolasinac,Score,Score,17.00
Canada v Bosnia-Herzegovina,13 Jun 06:00,Player to Score or Assist,Player to Score or Assist,Dennis Hadzikadunic,3,Dennis Hadzikadunic,Score,Score,21.00
Canada v Bosnia-Herzegovina,13 Jun 06:00,Player to Score or Assist,Player to Score or Assist,Nihad Mujakic,2,Nihad Mujakic,Score,Score,17.00
Canada v Bosnia-Herzegovina,13 Jun 06:00,Player to Score or Assist,Player to Score or Assist,Stjepan Radeljic,21,Stjepan Radeljic,Score,Score,17.00
Canada v Bosnia-Herzegovina,13 Jun 06:00,Player to Score or Assist,Player to Score or Assist,Jonathan David,10,Jonathan David,Assist,Assist,6.00
Canada v Bosnia-Herzegovina,13 Jun 06:00,Player to Score or Assist,Player to Score or Assist,Cyle Larin,9,Cyle Larin,Assist,Assist,6.00
Canada v Bosnia-Herzegovina,13 Jun 06:00,Player to Score or Assist,Player to Score or Assist,Promise David,24,Promise David,Assist,Assist,7.00
Canada v Bosnia-Herzegovina,13 Jun 06:00,Player to Score or Assist,Player to Score or Assist,Tani Oluwaseyi,12,Tani Oluwaseyi,Assist,Assist,6.00
Canada v Bosnia-Herzegovina,13 Jun 06:00,Player to Score or Assist,Player to Score or Assist,Jacob Shaffelburg,14,Jacob Shaffelburg,Assist,Assist,5.00
Canada v Bosnia-Herzegovina,13 Jun 06:00,Player to Score or Assist,Player to Score or Assist,Jayden Nelson,26,Jayden Nelson,Assist,Assist,5.00
Canada v Bosnia-Herzegovina,13 Jun 06:00,Player to Score or Assist,Player to Score or Assist,Liam Millar,11,Liam Millar,Assist,Assist,5.50
Canada v Bosnia-Herzegovina,13 Jun 06:00,Player to Score or Assist,Player to Score or Assist,Tajon Buchanan,17,Tajon Buchanan,Assist,Assist,6.50
Canada v Bosnia-Herzegovina,13 Jun 06:00,Player to Score or Assist,Player to Score or Assist,Ali Ahmed,20,Ali Ahmed,Assist,Assist,5.00
Canada v Bosnia-Herzegovina,13 Jun 06:00,Player to Score or Assist,Player to Score or Assist,Edin Dzeko,11,Edin Dzeko,Assist,Assist,10.00
Canada v Bosnia-Herzegovina,13 Jun 06:00,Player to Score or Assist,Player to Score or Assist,Ismael Kone,8,Ismael Kone,Assist,Assist,7.00
Canada v Bosnia-Herzegovina,13 Jun 06:00,Player to Score or Assist,Player to Score or Assist,Haris Tabakovic,23,Haris Tabakovic,Assist,Assist,8.00
Canada v Bosnia-Herzegovina,13 Jun 06:00,Player to Score or Assist,Player to Score or Assist,Jonathan Osorio,21,Jonathan Osorio,Assist,Assist,7.00
Canada v Bosnia-Herzegovina,13 Jun 06:00,Player to Score or Assist,Player to Score or Assist,Stephen Eustaquio,7,Stephen Eustaquio,Assist,Assist,6.50
Canada v Bosnia-Herzegovina,13 Jun 06:00,Player to Score or Assist,Player to Score or Assist,Ermedin Demirovic,10,Ermedin Demirovic,Assist,Assist,10.00
Canada v Bosnia-Herzegovina,13 Jun 06:00,Player to Score or Assist,Player to Score or Assist,Niko Sigur,23,Niko Sigur,Assist,Assist,5.00
Canada v Bosnia-Herzegovina,13 Jun 06:00,Player to Score or Assist,Player to Score or Assist,Jovo Lukic,25,Jovo Lukic,Assist,Assist,11.00
Canada v Bosnia-Herzegovina,13 Jun 06:00,Player to Score or Assist,Player to Score or Assist,Kerim Alajbegovic,19,Kerim Alajbegovic,Assist,Assist,8.00
Canada v Bosnia-Herzegovina,13 Jun 06:00,Player to Score or Assist,Player to Score or Assist,Nathan-Dylan Saliba,25,Nathan-Dylan Saliba,Assist,Assist,8.50
Canada v Bosnia-Herzegovina,13 Jun 06:00,Player to Score or Assist,Player to Score or Assist,Samed Bazdar,9,Samed Bazdar,Assist,Assist,10.00
Canada v Bosnia-Herzegovina,13 Jun 06:00,Player to Score or Assist,Player to Score or Assist,Mathieu Choiniere,6,Mathieu Choiniere,Assist,Assist,7.50
Canada v Bosnia-Herzegovina,13 Jun 06:00,Player to Score or Assist,Player to Score or Assist,Esmir Bajraktarevic,20,Esmir Bajraktarevic,Assist,Assist,8.50
Canada v Bosnia-Herzegovina,13 Jun 06:00,Player to Score or Assist,Player to Score or Assist,Richie Laryea,22,Richie Laryea,Assist,Assist,6.00
Canada v Bosnia-Herzegovina,13 Jun 06:00,Player to Score or Assist,Player to Score or Assist,Amar Memic,15,Amar Memic,Assist,Assist,8.00
Canada v Bosnia-Herzegovina,13 Jun 06:00,Player to Score or Assist,Player to Score or Assist,Ermin Mahmic,26,Ermin Mahmic,Assist,Assist,11.00
Canada v Bosnia-Herzegovina,13 Jun 06:00,Player to Score or Assist,Player to Score or Assist,Joel Waterman,5,Joel Waterman,Assist,Assist,7.50
Canada v Bosnia-Herzegovina,13 Jun 06:00,Player to Score or Assist,Player to Score or Assist,Alistair Johnston,2,Alistair Johnston,Assist,Assist,8.50
Canada v Bosnia-Herzegovina,13 Jun 06:00,Player to Score or Assist,Player to Score or Assist,Armin Gigovic,8,Armin Gigovic,Assist,Assist,11.00
Canada v Bosnia-Herzegovina,13 Jun 06:00,Player to Score or Assist,Player to Score or Assist,Benjamin Tahirovic,6,Benjamin Tahirovic,Assist,Assist,11.00
Canada v Bosnia-Herzegovina,13 Jun 06:00,Player to Score or Assist,Player to Score or Assist,Ivan Basic,13,Ivan Basic,Assist,Assist,10.00
Canada v Bosnia-Herzegovina,13 Jun 06:00,Player to Score or Assist,Player to Score or Assist,Ivan Sunjic,14,Ivan Sunjic,Assist,Assist,8.50
Canada v Bosnia-Herzegovina,13 Jun 06:00,Player to Score or Assist,Player to Score or Assist,Alfie Jones,3,Alfie Jones,Assist,Assist,10.00
Canada v Bosnia-Herzegovina,13 Jun 06:00,Player to Score or Assist,Player to Score or Assist,Amir Hadziahmetovic,16,Amir Hadziahmetovic,Assist,Assist,8.50
Canada v Bosnia-Herzegovina,13 Jun 06:00,Player to Score or Assist,Player to Score or Assist,Dzenis Burnic,17,Dzenis Burnic,Assist,Assist,11.00
Canada v Bosnia-Herzegovina,13 Jun 06:00,Player to Score or Assist,Player to Score or Assist,Luc De Fougerolles,4,Luc De Fougerolles,Assist,Assist,11.00
Canada v Bosnia-Herzegovina,13 Jun 06:00,Player to Score or Assist,Player to Score or Assist,Moise Bombito,15,Moise Bombito,Assist,Assist,11.00
Canada v Bosnia-Herzegovina,13 Jun 06:00,Player to Score or Assist,Player to Score or Assist,Amar Dedic,7,Amar Dedic,Assist,Assist,11.00
Canada v Bosnia-Herzegovina,13 Jun 06:00,Player to Score or Assist,Player to Score or Assist,Derek Cornelius,13,Derek Cornelius,Assist,Assist,11.00
Canada v Bosnia-Herzegovina,13 Jun 06:00,Player to Score or Assist,Player to Score or Assist,Nidal Celik,24,Nidal Celik,Assist,Assist,12.00
Canada v Bosnia-Herzegovina,13 Jun 06:00,Player to Score or Assist,Player to Score or Assist,Nikola Katic,18,Nikola Katic,Assist,Assist,17.00
Canada v Bosnia-Herzegovina,13 Jun 06:00,Player to Score or Assist,Player to Score or Assist,Tarik Muharemovic,4,Tarik Muharemovic,Assist,Assist,12.00
Canada v Bosnia-Herzegovina,13 Jun 06:00,Player to Score or Assist,Player to Score or Assist,Sead Kolasinac,5,Sead Kolasinac,Assist,Assist,15.00
Canada v Bosnia-Herzegovina,13 Jun 06:00,Player to Score or Assist,Player to Score or Assist,Dennis Hadzikadunic,3,Dennis Hadzikadunic,Assist,Assist,15.00
Canada v Bosnia-Herzegovina,13 Jun 06:00,Player to Score or Assist,Player to Score or Assist,Nihad Mujakic,2,Nihad Mujakic,Assist,Assist,16.00
Canada v Bosnia-Herzegovina,13 Jun 06:00,Player to Score or Assist,Player to Score or Assist,Stjepan Radeljic,21,Stjepan Radeljic,Assist,Assist,17.00
Canada v Bosnia-Herzegovina,13 Jun 06:00,Player to Score or Assist,Player to Score or Assist,Jonathan David,10,Jonathan David,Score or Assist,Score or Assist,2.05
Canada v Bosnia-Herzegovina,13 Jun 06:00,Player to Score or Assist,Player to Score or Assist,Cyle Larin,9,Cyle Larin,Score or Assist,Score or Assist,2.20
Canada v Bosnia-Herzegovina,13 Jun 06:00,Player to Score or Assist,Player to Score or Assist,Promise David,24,Promise David,Score or Assist,Score or Assist,2.25
Canada v Bosnia-Herzegovina,13 Jun 06:00,Player to Score or Assist,Player to Score or Assist,Tani Oluwaseyi,12,Tani Oluwaseyi,Score or Assist,Score or Assist,2.30
Canada v Bosnia-Herzegovina,13 Jun 06:00,Player to Score or Assist,Player to Score or Assist,Jacob Shaffelburg,14,Jacob Shaffelburg,Score or Assist,Score or Assist,2.50
Canada v Bosnia-Herzegovina,13 Jun 06:00,Player to Score or Assist,Player to Score or Assist,Jayden Nelson,26,Jayden Nelson,Score or Assist,Score or Assist,2.60
Canada v Bosnia-Herzegovina,13 Jun 06:00,Player to Score or Assist,Player to Score or Assist,Liam Millar,11,Liam Millar,Score or Assist,Score or Assist,3.00
Canada v Bosnia-Herzegovina,13 Jun 06:00,Player to Score or Assist,Player to Score or Assist,Tajon Buchanan,17,Tajon Buchanan,Score or Assist,Score or Assist,3.00
Canada v Bosnia-Herzegovina,13 Jun 06:00,Player to Score or Assist,Player to Score or Assist,Ali Ahmed,20,Ali Ahmed,Score or Assist,Score or Assist,3.10
Canada v Bosnia-Herzegovina,13 Jun 06:00,Player to Score or Assist,Player to Score or Assist,Edin Dzeko,11,Edin Dzeko,Score or Assist,Score or Assist,3.10
Canada v Bosnia-Herzegovina,13 Jun 06:00,Player to Score or Assist,Player to Score or Assist,Ismael Kone,8,Ismael Kone,Score or Assist,Score or Assist,3.10
Canada v Bosnia-Herzegovina,13 Jun 06:00,Player to Score or Assist,Player to Score or Assist,Haris Tabakovic,23,Haris Tabakovic,Score or Assist,Score or Assist,3.20
Canada v Bosnia-Herzegovina,13 Jun 06:00,Player to Score or Assist,Player to Score or Assist,Jonathan Osorio,21,Jonathan Osorio,Score or Assist,Score or Assist,3.25
Canada v Bosnia-Herzegovina,13 Jun 06:00,Player to Score or Assist,Player to Score or Assist,Stephen Eustaquio,7,Stephen Eustaquio,Score or Assist,Score or Assist,3.50
Canada v Bosnia-Herzegovina,13 Jun 06:00,Player to Score or Assist,Player to Score or Assist,Ermedin Demirovic,10,Ermedin Demirovic,Score or Assist,Score or Assist,3.60
Canada v Bosnia-Herzegovina,13 Jun 06:00,Player to Score or Assist,Player to Score or Assist,Niko Sigur,23,Niko Sigur,Score or Assist,Score or Assist,3.60
Canada v Bosnia-Herzegovina,13 Jun 06:00,Player to Score or Assist,Player to Score or Assist,Jovo Lukic,25,Jovo Lukic,Score or Assist,Score or Assist,3.75
Canada v Bosnia-Herzegovina,13 Jun 06:00,Player to Score or Assist,Player to Score or Assist,Kerim Alajbegovic,19,Kerim Alajbegovic,Score or Assist,Score or Assist,3.75
Canada v Bosnia-Herzegovina,13 Jun 06:00,Player to Score or Assist,Player to Score or Assist,Nathan-Dylan Saliba,25,Nathan-Dylan Saliba,Score or Assist,Score or Assist,3.75
Canada v Bosnia-Herzegovina,13 Jun 06:00,Player to Score or Assist,Player to Score or Assist,Samed Bazdar,9,Samed Bazdar,Score or Assist,Score or Assist,3.75
Canada v Bosnia-Herzegovina,13 Jun 06:00,Player to Score or Assist,Player to Score or Assist,Mathieu Choiniere,6,Mathieu Choiniere,Score or Assist,Score or Assist,4.00
Canada v Bosnia-Herzegovina,13 Jun 06:00,Player to Score or Assist,Player to Score or Assist,Esmir Bajraktarevic,20,Esmir Bajraktarevic,Score or Assist,Score or Assist,4.33
Canada v Bosnia-Herzegovina,13 Jun 06:00,Player to Score or Assist,Player to Score or Assist,Richie Laryea,22,Richie Laryea,Score or Assist,Score or Assist,4.33
Canada v Bosnia-Herzegovina,13 Jun 06:00,Player to Score or Assist,Player to Score or Assist,Amar Memic,15,Amar Memic,Score or Assist,Score or Assist,4.75
Canada v Bosnia-Herzegovina,13 Jun 06:00,Player to Score or Assist,Player to Score or Assist,Ermin Mahmic,26,Ermin Mahmic,Score or Assist,Score or Assist,4.75
Canada v Bosnia-Herzegovina,13 Jun 06:00,Player to Score or Assist,Player to Score or Assist,Joel Waterman,5,Joel Waterman,Score or Assist,Score or Assist,5.00
Canada v Bosnia-Herzegovina,13 Jun 06:00,Player to Score or Assist,Player to Score or Assist,Alistair Johnston,2,Alistair Johnston,Score or Assist,Score or Assist,5.50
Canada v Bosnia-Herzegovina,13 Jun 06:00,Player to Score or Assist,Player to Score or Assist,Armin Gigovic,8,Armin Gigovic,Score or Assist,Score or Assist,5.50
Canada v Bosnia-Herzegovina,13 Jun 06:00,Player to Score or Assist,Player to Score or Assist,Benjamin Tahirovic,6,Benjamin Tahirovic,Score or Assist,Score or Assist,5.50
Canada v Bosnia-Herzegovina,13 Jun 06:00,Player to Score or Assist,Player to Score or Assist,Ivan Basic,13,Ivan Basic,Score or Assist,Score or Assist,5.50
Canada v Bosnia-Herzegovina,13 Jun 06:00,Player to Score or Assist,Player to Score or Assist,Ivan Sunjic,14,Ivan Sunjic,Score or Assist,Score or Assist,5.50
Canada v Bosnia-Herzegovina,13 Jun 06:00,Player to Score or Assist,Player to Score or Assist,Alfie Jones,3,Alfie Jones,Score or Assist,Score or Assist,6.00
Canada v Bosnia-Herzegovina,13 Jun 06:00,Player to Score or Assist,Player to Score or Assist,Amir Hadziahmetovic,16,Amir Hadziahmetovic,Score or Assist,Score or Assist,6.00
Canada v Bosnia-Herzegovina,13 Jun 06:00,Player to Score or Assist,Player to Score or Assist,Dzenis Burnic,17,Dzenis Burnic,Score or Assist,Score or Assist,6.50
Canada v Bosnia-Herzegovina,13 Jun 06:00,Player to Score or Assist,Player to Score or Assist,Luc De Fougerolles,4,Luc De Fougerolles,Score or Assist,Score or Assist,6.50
Canada v Bosnia-Herzegovina,13 Jun 06:00,Player to Score or Assist,Player to Score or Assist,Moise Bombito,15,Moise Bombito,Score or Assist,Score or Assist,6.50
Canada v Bosnia-Herzegovina,13 Jun 06:00,Player to Score or Assist,Player to Score or Assist,Amar Dedic,7,Amar Dedic,Score or Assist,Score or Assist,7.00
Canada v Bosnia-Herzegovina,13 Jun 06:00,Player to Score or Assist,Player to Score or Assist,Derek Cornelius,13,Derek Cornelius,Score or Assist,Score or Assist,7.00
Canada v Bosnia-Herzegovina,13 Jun 06:00,Player to Score or Assist,Player to Score or Assist,Nidal Celik,24,Nidal Celik,Score or Assist,Score or Assist,9.00
Canada v Bosnia-Herzegovina,13 Jun 06:00,Player to Score or Assist,Player to Score or Assist,Nikola Katic,18,Nikola Katic,Score or Assist,Score or Assist,9.00
Canada v Bosnia-Herzegovina,13 Jun 06:00,Player to Score or Assist,Player to Score or Assist,Tarik Muharemovic,4,Tarik Muharemovic,Score or Assist,Score or Assist,9.00
Canada v Bosnia-Herzegovina,13 Jun 06:00,Player to Score or Assist,Player to Score or Assist,Sead Kolasinac,5,Sead Kolasinac,Score or Assist,Score or Assist,10.00
Canada v Bosnia-Herzegovina,13 Jun 06:00,Player to Score or Assist,Player to Score or Assist,Dennis Hadzikadunic,3,Dennis Hadzikadunic,Score or Assist,Score or Assist,11.00
Canada v Bosnia-Herzegovina,13 Jun 06:00,Player to Score or Assist,Player to Score or Assist,Nihad Mujakic,2,Nihad Mujakic,Score or Assist,Score or Assist,11.00
Canada v Bosnia-Herzegovina,13 Jun 06:00,Player to Score or Assist,Player to Score or Assist,Stjepan Radeljic,21,Stjepan Radeljic,Score or Assist,Score or Assist,12.00
Canada v Bosnia-Herzegovina,13 Jun 06:00,Goalscorers,Goalscorers,Jonathan David,10,Jonathan David,Anytime,Anytime,2.62
Canada v Bosnia-Herzegovina,13 Jun 06:00,Goalscorers,Goalscorers,Cyle Larin,9,Cyle Larin,Anytime,Anytime,2.87
Canada v Bosnia-Herzegovina,13 Jun 06:00,Goalscorers,Goalscorers,Promise David,24,Promise David,Anytime,Anytime,2.87
Canada v Bosnia-Herzegovina,13 Jun 06:00,Goalscorers,Goalscorers,Tani Oluwaseyi,12,Tani Oluwaseyi,Anytime,Anytime,3.25
Canada v Bosnia-Herzegovina,13 Jun 06:00,Goalscorers,Goalscorers,Edin Dzeko,11,Edin Dzeko,Anytime,Anytime,3.75
Canada v Bosnia-Herzegovina,13 Jun 06:00,Goalscorers,Goalscorers,Jacob Shaffelburg,14,Jacob Shaffelburg,Anytime,Anytime,4.33
Canada v Bosnia-Herzegovina,13 Jun 06:00,Goalscorers,Goalscorers,Jayden Nelson,26,Jayden Nelson,Anytime,Anytime,4.33
Canada v Bosnia-Herzegovina,13 Jun 06:00,Goalscorers,Goalscorers,Haris Tabakovic,23,Haris Tabakovic,Anytime,Anytime,4.50
Canada v Bosnia-Herzegovina,13 Jun 06:00,Goalscorers,Goalscorers,Ermedin Demirovic,10,Ermedin Demirovic,Anytime,Anytime,4.75
Canada v Bosnia-Herzegovina,13 Jun 06:00,Goalscorers,Goalscorers,Ismael Kone,8,Ismael Kone,Anytime,Anytime,4.75
Canada v Bosnia-Herzegovina,13 Jun 06:00,Goalscorers,Goalscorers,Jovo Lukic,25,Jovo Lukic,Anytime,Anytime,4.75
Canada v Bosnia-Herzegovina,13 Jun 06:00,Goalscorers,Goalscorers,Tajon Buchanan,17,Tajon Buchanan,Anytime,Anytime,4.75
Canada v Bosnia-Herzegovina,13 Jun 06:00,Goalscorers,Goalscorers,Jonathan Osorio,21,Jonathan Osorio,Anytime,Anytime,5.50
Canada v Bosnia-Herzegovina,13 Jun 06:00,Goalscorers,Goalscorers,Liam Millar,11,Liam Millar,Anytime,Anytime,5.50
Canada v Bosnia-Herzegovina,13 Jun 06:00,Goalscorers,Goalscorers,Samed Bazdar,9,Samed Bazdar,Anytime,Anytime,5.50
Canada v Bosnia-Herzegovina,13 Jun 06:00,Goalscorers,Goalscorers,Kerim Alajbegovic,19,Kerim Alajbegovic,Anytime,Anytime,5.50
Canada v Bosnia-Herzegovina,13 Jun 06:00,Goalscorers,Goalscorers,Nathan-Dylan Saliba,25,Nathan-Dylan Saliba,Anytime,Anytime,5.50
Canada v Bosnia-Herzegovina,13 Jun 06:00,Goalscorers,Goalscorers,Ali Ahmed,20,Ali Ahmed,Anytime,Anytime,6.50
Canada v Bosnia-Herzegovina,13 Jun 06:00,Goalscorers,Goalscorers,Ermin Mahmic,26,Ermin Mahmic,Anytime,Anytime,6.50
Canada v Bosnia-Herzegovina,13 Jun 06:00,Goalscorers,Goalscorers,Esmir Bajraktarevic,20,Esmir Bajraktarevic,Anytime,Anytime,6.50
Canada v Bosnia-Herzegovina,13 Jun 06:00,Goalscorers,Goalscorers,Mathieu Choiniere,6,Mathieu Choiniere,Anytime,Anytime,6.50
Canada v Bosnia-Herzegovina,13 Jun 06:00,Goalscorers,Goalscorers,Stephen Eustaquio,7,Stephen Eustaquio,Anytime,Anytime,6.50
Canada v Bosnia-Herzegovina,13 Jun 06:00,Goalscorers,Goalscorers,Armin Gigovic,8,Armin Gigovic,Anytime,Anytime,8.00
Canada v Bosnia-Herzegovina,13 Jun 06:00,Goalscorers,Goalscorers,Amar Memic,15,Amar Memic,Anytime,Anytime,9.00
Canada v Bosnia-Herzegovina,13 Jun 06:00,Goalscorers,Goalscorers,Benjamin Tahirovic,6,Benjamin Tahirovic,Anytime,Anytime,9.00
Canada v Bosnia-Herzegovina,13 Jun 06:00,Goalscorers,Goalscorers,Ivan Basic,13,Ivan Basic,Anytime,Anytime,10.00
Canada v Bosnia-Herzegovina,13 Jun 06:00,Goalscorers,Goalscorers,Niko Sigur,23,Niko Sigur,Anytime,Anytime,10.00
Canada v Bosnia-Herzegovina,13 Jun 06:00,Goalscorers,Goalscorers,Alfie Jones,3,Alfie Jones,Anytime,Anytime,11.00
Canada v Bosnia-Herzegovina,13 Jun 06:00,Goalscorers,Goalscorers,Alistair Johnstone,2,Alistair Johnstone,Anytime,Anytime,11.00
Canada v Bosnia-Herzegovina,13 Jun 06:00,Goalscorers,Goalscorers,Dzenis Burnic,17,Dzenis Burnic,Anytime,Anytime,11.00
Canada v Bosnia-Herzegovina,13 Jun 06:00,Goalscorers,Goalscorers,Joel Waterman,5,Joel Waterman,Anytime,Anytime,11.00
Canada v Bosnia-Herzegovina,13 Jun 06:00,Goalscorers,Goalscorers,Luc De Fougerolles,4,Luc De Fougerolles,Anytime,Anytime,11.00
Canada v Bosnia-Herzegovina,13 Jun 06:00,Goalscorers,Goalscorers,Moise Bombito,15,Moise Bombito,Anytime,Anytime,11.00
Canada v Bosnia-Herzegovina,13 Jun 06:00,Goalscorers,Goalscorers,Amar Dedic,7,Amar Dedic,Anytime,Anytime,12.00
Canada v Bosnia-Herzegovina,13 Jun 06:00,Goalscorers,Goalscorers,Amir Hadziahmetovic,16,Amir Hadziahmetovic,Anytime,Anytime,12.00
Canada v Bosnia-Herzegovina,13 Jun 06:00,Goalscorers,Goalscorers,Derek Cornelius,13,Derek Cornelius,Anytime,Anytime,12.00
Canada v Bosnia-Herzegovina,13 Jun 06:00,Goalscorers,Goalscorers,Ivan Sunjic,14,Ivan Sunjic,Anytime,Anytime,12.00
Canada v Bosnia-Herzegovina,13 Jun 06:00,Goalscorers,Goalscorers,Nikola Katic,18,Nikola Katic,Anytime,Anytime,12.00
Canada v Bosnia-Herzegovina,13 Jun 06:00,Goalscorers,Goalscorers,Richie Laryea,22,Richie Laryea,Anytime,Anytime,12.00
Canada v Bosnia-Herzegovina,13 Jun 06:00,Goalscorers,Goalscorers,Nidal Celik,24,Nidal Celik,Anytime,Anytime,17.00
Canada v Bosnia-Herzegovina,13 Jun 06:00,Goalscorers,Goalscorers,Nihad Mujakic,2,Nihad Mujakic,Anytime,Anytime,17.00
Canada v Bosnia-Herzegovina,13 Jun 06:00,Goalscorers,Goalscorers,Sead Kolasinac,5,Sead Kolasinac,Anytime,Anytime,17.00
Canada v Bosnia-Herzegovina,13 Jun 06:00,Goalscorers,Goalscorers,Stjepan Radeljic,21,Stjepan Radeljic,Anytime,Anytime,17.00
Canada v Bosnia-Herzegovina,13 Jun 06:00,Goalscorers,Goalscorers,Tarik Muharemovic,4,Tarik Muharemovic,Anytime,Anytime,17.00
Canada v Bosnia-Herzegovina,13 Jun 06:00,Goalscorers,Goalscorers,Dennis Hadzikadunic,3,Dennis Hadzikadunic,Anytime,Anytime,21.00
Canada v Bosnia-Herzegovina,13 Jun 06:00,Goalscorers,Goalscorers,Jonathan David,10,Jonathan David,First,First,5.50
Canada v Bosnia-Herzegovina,13 Jun 06:00,Goalscorers,Goalscorers,Cyle Larin,9,Cyle Larin,First,First,6.00
Canada v Bosnia-Herzegovina,13 Jun 06:00,Goalscorers,Goalscorers,Promise David,24,Promise David,First,First,6.00
Canada v Bosnia-Herzegovina,13 Jun 06:00,Goalscorers,Goalscorers,Tani Oluwaseyi,12,Tani Oluwaseyi,First,First,7.00
Canada v Bosnia-Herzegovina,13 Jun 06:00,Goalscorers,Goalscorers,Edin Dzeko,11,Edin Dzeko,First,First,8.50
Canada v Bosnia-Herzegovina,13 Jun 06:00,Goalscorers,Goalscorers,Jacob Shaffelburg,14,Jacob Shaffelburg,First,First,9.50
Canada v Bosnia-Herzegovina,13 Jun 06:00,Goalscorers,Goalscorers,Jayden Nelson,26,Jayden Nelson,First,First,9.50
Canada v Bosnia-Herzegovina,13 Jun 06:00,Goalscorers,Goalscorers,Haris Tabakovic,23,Haris Tabakovic,First,First,10.00
Canada v Bosnia-Herzegovina,13 Jun 06:00,Goalscorers,Goalscorers,Ermedin Demirovic,10,Ermedin Demirovic,First,First,11.00
Canada v Bosnia-Herzegovina,13 Jun 06:00,Goalscorers,Goalscorers,Ismael Kone,8,Ismael Kone,First,First,11.00
Canada v Bosnia-Herzegovina,13 Jun 06:00,Goalscorers,Goalscorers,Jovo Lukic,25,Jovo Lukic,First,First,11.00
Canada v Bosnia-Herzegovina,13 Jun 06:00,Goalscorers,Goalscorers,Tajon Buchanan,17,Tajon Buchanan,First,First,11.00
Canada v Bosnia-Herzegovina,13 Jun 06:00,Goalscorers,Goalscorers,Jonathan Osorio,21,Jonathan Osorio,First,First,12.00
Canada v Bosnia-Herzegovina,13 Jun 06:00,Goalscorers,Goalscorers,Liam Millar,11,Liam Millar,First,First,12.00
Canada v Bosnia-Herzegovina,13 Jun 06:00,Goalscorers,Goalscorers,Samed Bazdar,9,Samed Bazdar,First,First,12.00
Canada v Bosnia-Herzegovina,13 Jun 06:00,Goalscorers,Goalscorers,Kerim Alajbegovic,19,Kerim Alajbegovic,First,First,13.00
Canada v Bosnia-Herzegovina,13 Jun 06:00,Goalscorers,Goalscorers,Nathan-Dylan Saliba,25,Nathan-Dylan Saliba,First,First,13.00
Canada v Bosnia-Herzegovina,13 Jun 06:00,Goalscorers,Goalscorers,Ali Ahmed,20,Ali Ahmed,First,First,15.00
Canada v Bosnia-Herzegovina,13 Jun 06:00,Goalscorers,Goalscorers,Ermin Mahmic,26,Ermin Mahmic,First,First,15.00
Canada v Bosnia-Herzegovina,13 Jun 06:00,Goalscorers,Goalscorers,Esmir Bajraktarevic,20,Esmir Bajraktarevic,First,First,15.00
Canada v Bosnia-Herzegovina,13 Jun 06:00,Goalscorers,Goalscorers,Mathieu Choiniere,6,Mathieu Choiniere,First,First,15.00
Canada v Bosnia-Herzegovina,13 Jun 06:00,Goalscorers,Goalscorers,Stephen Eustaquio,7,Stephen Eustaquio,First,First,15.00
Canada v Bosnia-Herzegovina,13 Jun 06:00,Goalscorers,Goalscorers,Armin Gigovic,8,Armin Gigovic,First,First,19.00
Canada v Bosnia-Herzegovina,13 Jun 06:00,Goalscorers,Goalscorers,Amar Memic,15,Amar Memic,First,First,21.00
Canada v Bosnia-Herzegovina,13 Jun 06:00,Goalscorers,Goalscorers,Benjamin Tahirovic,6,Benjamin Tahirovic,First,First,21.00
Canada v Bosnia-Herzegovina,13 Jun 06:00,Goalscorers,Goalscorers,Ivan Basic,13,Ivan Basic,First,First,23.00
Canada v Bosnia-Herzegovina,13 Jun 06:00,Goalscorers,Goalscorers,Niko Sigur,23,Niko Sigur,First,First,23.00
Canada v Bosnia-Herzegovina,13 Jun 06:00,Goalscorers,Goalscorers,Alfie Jones,3,Alfie Jones,First,First,26.00
Canada v Bosnia-Herzegovina,13 Jun 06:00,Goalscorers,Goalscorers,Alistair Johnstone,2,Alistair Johnstone,First,First,26.00
Canada v Bosnia-Herzegovina,13 Jun 06:00,Goalscorers,Goalscorers,Dzenis Burnic,17,Dzenis Burnic,First,First,26.00
Canada v Bosnia-Herzegovina,13 Jun 06:00,Goalscorers,Goalscorers,Joel Waterman,5,Joel Waterman,First,First,26.00
Canada v Bosnia-Herzegovina,13 Jun 06:00,Goalscorers,Goalscorers,Luc De Fougerolles,4,Luc De Fougerolles,First,First,26.00
Canada v Bosnia-Herzegovina,13 Jun 06:00,Goalscorers,Goalscorers,Moise Bombito,15,Moise Bombito,First,First,26.00
Canada v Bosnia-Herzegovina,13 Jun 06:00,Goalscorers,Goalscorers,Amar Dedic,7,Amar Dedic,First,First,29.00
Canada v Bosnia-Herzegovina,13 Jun 06:00,Goalscorers,Goalscorers,Amir Hadziahmetovic,16,Amir Hadziahmetovic,First,First,29.00
Canada v Bosnia-Herzegovina,13 Jun 06:00,Goalscorers,Goalscorers,Derek Cornelius,13,Derek Cornelius,First,First,29.00
Canada v Bosnia-Herzegovina,13 Jun 06:00,Goalscorers,Goalscorers,Ivan Sunjic,14,Ivan Sunjic,First,First,29.00
Canada v Bosnia-Herzegovina,13 Jun 06:00,Goalscorers,Goalscorers,Nikola Katic,18,Nikola Katic,First,First,29.00
Canada v Bosnia-Herzegovina,13 Jun 06:00,Goalscorers,Goalscorers,Richie Laryea,22,Richie Laryea,First,First,29.00
Canada v Bosnia-Herzegovina,13 Jun 06:00,Goalscorers,Goalscorers,Nidal Celik,24,Nidal Celik,First,First,41.00
Canada v Bosnia-Herzegovina,13 Jun 06:00,Goalscorers,Goalscorers,Nihad Mujakic,2,Nihad Mujakic,First,First,41.00
Canada v Bosnia-Herzegovina,13 Jun 06:00,Goalscorers,Goalscorers,Sead Kolasinac,5,Sead Kolasinac,First,First,41.00
Canada v Bosnia-Herzegovina,13 Jun 06:00,Goalscorers,Goalscorers,Stjepan Radeljic,21,Stjepan Radeljic,First,First,41.00
Canada v Bosnia-Herzegovina,13 Jun 06:00,Goalscorers,Goalscorers,Tarik Muharemovic,4,Tarik Muharemovic,First,First,41.00
Canada v Bosnia-Herzegovina,13 Jun 06:00,Goalscorers,Goalscorers,Dennis Hadzikadunic,3,Dennis Hadzikadunic,First,First,51.00
Canada v Bosnia-Herzegovina,13 Jun 06:00,Goalscorers,Goalscorers,Jonathan David,10,Jonathan David,Last,Last,5.50
Canada v Bosnia-Herzegovina,13 Jun 06:00,Goalscorers,Goalscorers,Cyle Larin,9,Cyle Larin,Last,Last,6.00
Canada v Bosnia-Herzegovina,13 Jun 06:00,Goalscorers,Goalscorers,Promise David,24,Promise David,Last,Last,6.00
Canada v Bosnia-Herzegovina,13 Jun 06:00,Goalscorers,Goalscorers,Tani Oluwaseyi,12,Tani Oluwaseyi,Last,Last,7.00
Canada v Bosnia-Herzegovina,13 Jun 06:00,Goalscorers,Goalscorers,Edin Dzeko,11,Edin Dzeko,Last,Last,8.50
Canada v Bosnia-Herzegovina,13 Jun 06:00,Goalscorers,Goalscorers,Jacob Shaffelburg,14,Jacob Shaffelburg,Last,Last,9.50
Canada v Bosnia-Herzegovina,13 Jun 06:00,Goalscorers,Goalscorers,Jayden Nelson,26,Jayden Nelson,Last,Last,9.50
Canada v Bosnia-Herzegovina,13 Jun 06:00,Goalscorers,Goalscorers,Haris Tabakovic,23,Haris Tabakovic,Last,Last,10.00
Canada v Bosnia-Herzegovina,13 Jun 06:00,Goalscorers,Goalscorers,Ermedin Demirovic,10,Ermedin Demirovic,Last,Last,11.00
Canada v Bosnia-Herzegovina,13 Jun 06:00,Goalscorers,Goalscorers,Ismael Kone,8,Ismael Kone,Last,Last,11.00
Canada v Bosnia-Herzegovina,13 Jun 06:00,Goalscorers,Goalscorers,Jovo Lukic,25,Jovo Lukic,Last,Last,11.00
Canada v Bosnia-Herzegovina,13 Jun 06:00,Goalscorers,Goalscorers,Tajon Buchanan,17,Tajon Buchanan,Last,Last,11.00
Canada v Bosnia-Herzegovina,13 Jun 06:00,Goalscorers,Goalscorers,Jonathan Osorio,21,Jonathan Osorio,Last,Last,12.00
Canada v Bosnia-Herzegovina,13 Jun 06:00,Goalscorers,Goalscorers,Liam Millar,11,Liam Millar,Last,Last,12.00
Canada v Bosnia-Herzegovina,13 Jun 06:00,Goalscorers,Goalscorers,Samed Bazdar,9,Samed Bazdar,Last,Last,12.00
Canada v Bosnia-Herzegovina,13 Jun 06:00,Goalscorers,Goalscorers,Kerim Alajbegovic,19,Kerim Alajbegovic,Last,Last,13.00
Canada v Bosnia-Herzegovina,13 Jun 06:00,Goalscorers,Goalscorers,Nathan-Dylan Saliba,25,Nathan-Dylan Saliba,Last,Last,13.00
Canada v Bosnia-Herzegovina,13 Jun 06:00,Goalscorers,Goalscorers,Ali Ahmed,20,Ali Ahmed,Last,Last,15.00
Canada v Bosnia-Herzegovina,13 Jun 06:00,Goalscorers,Goalscorers,Ermin Mahmic,26,Ermin Mahmic,Last,Last,15.00
Canada v Bosnia-Herzegovina,13 Jun 06:00,Goalscorers,Goalscorers,Esmir Bajraktarevic,20,Esmir Bajraktarevic,Last,Last,15.00
Canada v Bosnia-Herzegovina,13 Jun 06:00,Goalscorers,Goalscorers,Mathieu Choiniere,6,Mathieu Choiniere,Last,Last,15.00
Canada v Bosnia-Herzegovina,13 Jun 06:00,Goalscorers,Goalscorers,Stephen Eustaquio,7,Stephen Eustaquio,Last,Last,15.00
Canada v Bosnia-Herzegovina,13 Jun 06:00,Goalscorers,Goalscorers,Armin Gigovic,8,Armin Gigovic,Last,Last,19.00
Canada v Bosnia-Herzegovina,13 Jun 06:00,Goalscorers,Goalscorers,Amar Memic,15,Amar Memic,Last,Last,21.00
Canada v Bosnia-Herzegovina,13 Jun 06:00,Goalscorers,Goalscorers,Benjamin Tahirovic,6,Benjamin Tahirovic,Last,Last,21.00
Canada v Bosnia-Herzegovina,13 Jun 06:00,Goalscorers,Goalscorers,Ivan Basic,13,Ivan Basic,Last,Last,23.00
Canada v Bosnia-Herzegovina,13 Jun 06:00,Goalscorers,Goalscorers,Niko Sigur,23,Niko Sigur,Last,Last,23.00
Canada v Bosnia-Herzegovina,13 Jun 06:00,Goalscorers,Goalscorers,Alfie Jones,3,Alfie Jones,Last,Last,26.00
Canada v Bosnia-Herzegovina,13 Jun 06:00,Goalscorers,Goalscorers,Alistair Johnstone,2,Alistair Johnstone,Last,Last,26.00
Canada v Bosnia-Herzegovina,13 Jun 06:00,Goalscorers,Goalscorers,Dzenis Burnic,17,Dzenis Burnic,Last,Last,26.00
Canada v Bosnia-Herzegovina,13 Jun 06:00,Goalscorers,Goalscorers,Joel Waterman,5,Joel Waterman,Last,Last,26.00
Canada v Bosnia-Herzegovina,13 Jun 06:00,Goalscorers,Goalscorers,Luc De Fougerolles,4,Luc De Fougerolles,Last,Last,26.00
Canada v Bosnia-Herzegovina,13 Jun 06:00,Goalscorers,Goalscorers,Moise Bombito,15,Moise Bombito,Last,Last,26.00
Canada v Bosnia-Herzegovina,13 Jun 06:00,Goalscorers,Goalscorers,Amar Dedic,7,Amar Dedic,Last,Last,29.00
Canada v Bosnia-Herzegovina,13 Jun 06:00,Goalscorers,Goalscorers,Amir Hadziahmetovic,16,Amir Hadziahmetovic,Last,Last,29.00
Canada v Bosnia-Herzegovina,13 Jun 06:00,Goalscorers,Goalscorers,Derek Cornelius,13,Derek Cornelius,Last,Last,29.00
Canada v Bosnia-Herzegovina,13 Jun 06:00,Goalscorers,Goalscorers,Ivan Sunjic,14,Ivan Sunjic,Last,Last,29.00
Canada v Bosnia-Herzegovina,13 Jun 06:00,Goalscorers,Goalscorers,Nikola Katic,18,Nikola Katic,Last,Last,29.00
Canada v Bosnia-Herzegovina,13 Jun 06:00,Goalscorers,Goalscorers,Richie Laryea,22,Richie Laryea,Last,Last,29.00
Canada v Bosnia-Herzegovina,13 Jun 06:00,Goalscorers,Goalscorers,Nidal Celik,24,Nidal Celik,Last,Last,41.00
Canada v Bosnia-Herzegovina,13 Jun 06:00,Goalscorers,Goalscorers,Nihad Mujakic,2,Nihad Mujakic,Last,Last,41.00
Canada v Bosnia-Herzegovina,13 Jun 06:00,Goalscorers,Goalscorers,Sead Kolasinac,5,Sead Kolasinac,Last,Last,41.00
Canada v Bosnia-Herzegovina,13 Jun 06:00,Goalscorers,Goalscorers,Stjepan Radeljic,21,Stjepan Radeljic,Last,Last,41.00
Canada v Bosnia-Herzegovina,13 Jun 06:00,Goalscorers,Goalscorers,Tarik Muharemovic,4,Tarik Muharemovic,Last,Last,41.00
Canada v Bosnia-Herzegovina,13 Jun 06:00,Goalscorers,Goalscorers,Dennis Hadzikadunic,3,Dennis Hadzikadunic,Last,Last,51.00
Canada v Bosnia-Herzegovina,13 Jun 06:00,Player Shots On Target,Player Shots On Target,Jonathan David,10,Jonathan David,1+,1+,1.33
Canada v Bosnia-Herzegovina,13 Jun 06:00,Player Shots On Target,Player Shots On Target,Cyle Larin,9,Cyle Larin,1+,1+,1.44
Canada v Bosnia-Herzegovina,13 Jun 06:00,Player Shots On Target,Player Shots On Target,Promise David,24,Promise David,1+,1+,1.44
Canada v Bosnia-Herzegovina,13 Jun 06:00,Player Shots On Target,Player Shots On Target,Tani Oluwaseyi,12,Tani Oluwaseyi,1+,1+,1.66
Canada v Bosnia-Herzegovina,13 Jun 06:00,Player Shots On Target,Player Shots On Target,Edin Dzeko,11,Edin Dzeko,1+,1+,1.72
Canada v Bosnia-Herzegovina,13 Jun 06:00,Player Shots On Target,Player Shots On Target,Ermedin Demirovic,10,Ermedin Demirovic,1+,1+,1.83
Canada v Bosnia-Herzegovina,13 Jun 06:00,Player Shots On Target,Player Shots On Target,Haris Tabakovic,23,Haris Tabakovic,1+,1+,1.83
Canada v Bosnia-Herzegovina,13 Jun 06:00,Player Shots On Target,Player Shots On Target,Jacob Shaffelburg,14,Jacob Shaffelburg,1+,1+,1.83
Canada v Bosnia-Herzegovina,13 Jun 06:00,Player Shots On Target,Player Shots On Target,Jayden Nelson,26,Jayden Nelson,1+,1+,1.83
Canada v Bosnia-Herzegovina,13 Jun 06:00,Player Shots On Target,Player Shots On Target,Jovo Lukic,25,Jovo Lukic,1+,1+,2.00
Canada v Bosnia-Herzegovina,13 Jun 06:00,Player Shots On Target,Player Shots On Target,Kerim Alajbegovic,19,Kerim Alajbegovic,1+,1+,2.00
Canada v Bosnia-Herzegovina,13 Jun 06:00,Player Shots On Target,Player Shots On Target,Tajon Buchanan,17,Tajon Buchanan,1+,1+,2.00
Canada v Bosnia-Herzegovina,13 Jun 06:00,Player Shots On Target,Player Shots On Target,Jonathan Osorio,21,Jonathan Osorio,1+,1+,2.25
Canada v Bosnia-Herzegovina,13 Jun 06:00,Player Shots On Target,Player Shots On Target,Liam Millar,11,Liam Millar,1+,1+,2.25
Canada v Bosnia-Herzegovina,13 Jun 06:00,Player Shots On Target,Player Shots On Target,Nathan-Dylan Saliba,25,Nathan-Dylan Saliba,1+,1+,2.25
Canada v Bosnia-Herzegovina,13 Jun 06:00,Player Shots On Target,Player Shots On Target,Samed Bazdar,9,Samed Bazdar,1+,1+,2.25
Canada v Bosnia-Herzegovina,13 Jun 06:00,Player Shots On Target,Player Shots On Target,Esmir Bajraktarevic,20,Esmir Bajraktarevic,1+,1+,2.50
Canada v Bosnia-Herzegovina,13 Jun 06:00,Player Shots On Target,Player Shots On Target,Ali Ahmed,20,Ali Ahmed,1+,1+,2.62
Canada v Bosnia-Herzegovina,13 Jun 06:00,Player Shots On Target,Player Shots On Target,Ermin Mahmic,26,Ermin Mahmic,1+,1+,2.62
Canada v Bosnia-Herzegovina,13 Jun 06:00,Player Shots On Target,Player Shots On Target,Mathieu Choiniere,6,Mathieu Choiniere,1+,1+,2.62
Canada v Bosnia-Herzegovina,13 Jun 06:00,Player Shots On Target,Player Shots On Target,Ismael Kone,8,Ismael Kone,1+,1+,3.00
Canada v Bosnia-Herzegovina,13 Jun 06:00,Player Shots On Target,Player Shots On Target,Armin Gigovic,8,Armin Gigovic,1+,1+,3.25
Canada v Bosnia-Herzegovina,13 Jun 06:00,Player Shots On Target,Player Shots On Target,Stephen Eustaquio,7,Stephen Eustaquio,1+,1+,3.25
Canada v Bosnia-Herzegovina,13 Jun 06:00,Player Shots On Target,Player Shots On Target,Benjamin Tahirovic,6,Benjamin Tahirovic,1+,1+,3.50
Canada v Bosnia-Herzegovina,13 Jun 06:00,Player Shots On Target,Player Shots On Target,Nikola Katic,18,Nikola Katic,1+,1+,3.50
Canada v Bosnia-Herzegovina,13 Jun 06:00,Player Shots On Target,Player Shots On Target,Alfie Jones,3,Alfie Jones,1+,1+,3.75
Canada v Bosnia-Herzegovina,13 Jun 06:00,Player Shots On Target,Player Shots On Target,Alistair Johnston,2,Alistair Johnston,1+,1+,3.75
Canada v Bosnia-Herzegovina,13 Jun 06:00,Player Shots On Target,Player Shots On Target,Derek Cornelius,13,Derek Cornelius,1+,1+,3.75
Canada v Bosnia-Herzegovina,13 Jun 06:00,Player Shots On Target,Player Shots On Target,Dzenis Burnic,17,Dzenis Burnic,1+,1+,3.75
Canada v Bosnia-Herzegovina,13 Jun 06:00,Player Shots On Target,Player Shots On Target,Joel Waterman,5,Joel Waterman,1+,1+,3.75
Canada v Bosnia-Herzegovina,13 Jun 06:00,Player Shots On Target,Player Shots On Target,Luc De Fougerolles,4,Luc De Fougerolles,1+,1+,3.75
Canada v Bosnia-Herzegovina,13 Jun 06:00,Player Shots On Target,Player Shots On Target,Niko Sigur,23,Niko Sigur,1+,1+,3.75
Canada v Bosnia-Herzegovina,13 Jun 06:00,Player Shots On Target,Player Shots On Target,Amar Memic,15,Amar Memic,1+,1+,4.00
Canada v Bosnia-Herzegovina,13 Jun 06:00,Player Shots On Target,Player Shots On Target,Ivan Basic,13,Ivan Basic,1+,1+,4.00
Canada v Bosnia-Herzegovina,13 Jun 06:00,Player Shots On Target,Player Shots On Target,Amir Hadziahmetovic,16,Amir Hadziahmetovic,1+,1+,4.33
Canada v Bosnia-Herzegovina,13 Jun 06:00,Player Shots On Target,Player Shots On Target,Ivan Sunjic,14,Ivan Sunjic,1+,1+,4.33
Canada v Bosnia-Herzegovina,13 Jun 06:00,Player Shots On Target,Player Shots On Target,Richie Laryea,22,Richie Laryea,1+,1+,4.33
Canada v Bosnia-Herzegovina,13 Jun 06:00,Player Shots On Target,Player Shots On Target,Moise Bombito,15,Moise Bombito,1+,1+,6.00
Canada v Bosnia-Herzegovina,13 Jun 06:00,Player Shots On Target,Player Shots On Target,Amar Dedic,7,Amar Dedic,1+,1+,7.00
Canada v Bosnia-Herzegovina,13 Jun 06:00,Player Shots On Target,Player Shots On Target,Dennis Hadzikadunic,3,Dennis Hadzikadunic,1+,1+,6.00
Canada v Bosnia-Herzegovina,13 Jun 06:00,Player Shots On Target,Player Shots On Target,Nidal Celik,24,Nidal Celik,1+,1+,6.00
Canada v Bosnia-Herzegovina,13 Jun 06:00,Player Shots On Target,Player Shots On Target,Nihad Mujakic,2,Nihad Mujakic,1+,1+,6.00
Canada v Bosnia-Herzegovina,13 Jun 06:00,Player Shots On Target,Player Shots On Target,Sead Kolasinac,5,Sead Kolasinac,1+,1+,6.00
Canada v Bosnia-Herzegovina,13 Jun 06:00,Player Shots On Target,Player Shots On Target,Stjepan Radeljic,21,Stjepan Radeljic,1+,1+,6.00
Canada v Bosnia-Herzegovina,13 Jun 06:00,Player Shots On Target,Player Shots On Target,Jonathan David,10,Jonathan David,2+,2+,2.62
Canada v Bosnia-Herzegovina,13 Jun 06:00,Player Shots On Target,Player Shots On Target,Cyle Larin,9,Cyle Larin,2+,2+,3.25
Canada v Bosnia-Herzegovina,13 Jun 06:00,Player Shots On Target,Player Shots On Target,Promise David,24,Promise David,2+,2+,3.25
Canada v Bosnia-Herzegovina,13 Jun 06:00,Player Shots On Target,Player Shots On Target,Tani Oluwaseyi,12,Tani Oluwaseyi,2+,2+,4.33
Canada v Bosnia-Herzegovina,13 Jun 06:00,Player Shots On Target,Player Shots On Target,Edin Dzeko,11,Edin Dzeko,2+,2+,4.50
Canada v Bosnia-Herzegovina,13 Jun 06:00,Player Shots On Target,Player Shots On Target,Ermedin Demirovic,10,Ermedin Demirovic,2+,2+,5.50
Canada v Bosnia-Herzegovina,13 Jun 06:00,Player Shots On Target,Player Shots On Target,Haris Tabakovic,23,Haris Tabakovic,2+,2+,6.00
Canada v Bosnia-Herzegovina,13 Jun 06:00,Player Shots On Target,Player Shots On Target,Jacob Shaffelburg,14,Jacob Shaffelburg,2+,2+,5.50
Canada v Bosnia-Herzegovina,13 Jun 06:00,Player Shots On Target,Player Shots On Target,Jayden Nelson,26,Jayden Nelson,2+,2+,5.50
Canada v Bosnia-Herzegovina,13 Jun 06:00,Player Shots On Target,Player Shots On Target,Jovo Lukic,25,Jovo Lukic,2+,2+,6.50
Canada v Bosnia-Herzegovina,13 Jun 06:00,Player Shots On Target,Player Shots On Target,Kerim Alajbegovic,19,Kerim Alajbegovic,2+,2+,6.50
Canada v Bosnia-Herzegovina,13 Jun 06:00,Player Shots On Target,Player Shots On Target,Tajon Buchanan,17,Tajon Buchanan,2+,2+,6.50
Canada v Bosnia-Herzegovina,13 Jun 06:00,Player Shots On Target,Player Shots On Target,Jonathan Osorio,21,Jonathan Osorio,2+,2+,9.00
Canada v Bosnia-Herzegovina,13 Jun 06:00,Player Shots On Target,Player Shots On Target,Liam Millar,11,Liam Millar,2+,2+,9.00
Canada v Bosnia-Herzegovina,13 Jun 06:00,Player Shots On Target,Player Shots On Target,Nathan-Dylan Saliba,25,Nathan-Dylan Saliba,2+,2+,9.00
Canada v Bosnia-Herzegovina,13 Jun 06:00,Player Shots On Target,Player Shots On Target,Samed Bazdar,9,Samed Bazdar,2+,2+,9.00
Canada v Bosnia-Herzegovina,13 Jun 06:00,Player Shots On Target,Player Shots On Target,Esmir Bajraktarevic,20,Esmir Bajraktarevic,2+,2+,10.00
Canada v Bosnia-Herzegovina,13 Jun 06:00,Player Shots On Target,Player Shots On Target,Ali Ahmed,20,Ali Ahmed,2+,2+,11.00
Canada v Bosnia-Herzegovina,13 Jun 06:00,Player Shots On Target,Player Shots On Target,Ermin Mahmic,26,Ermin Mahmic,2+,2+,11.00
Canada v Bosnia-Herzegovina,13 Jun 06:00,Player Shots On Target,Player Shots On Target,Mathieu Choiniere,6,Mathieu Choiniere,2+,2+,11.00
Canada v Bosnia-Herzegovina,13 Jun 06:00,Player Shots On Target,Player Shots On Target,Ismael Kone,8,Ismael Kone,2+,2+,15.00
Canada v Bosnia-Herzegovina,13 Jun 06:00,Player Shots On Target,Player Shots On Target,Armin Gigovic,8,Armin Gigovic,2+,2+,17.00
Canada v Bosnia-Herzegovina,13 Jun 06:00,Player Shots On Target,Player Shots On Target,Stephen Eustaquio,7,Stephen Eustaquio,2+,2+,15.00
Canada v Bosnia-Herzegovina,13 Jun 06:00,Player Shots On Target,Player Shots On Target,Benjamin Tahirovic,6,Benjamin Tahirovic,2+,2+,19.00
Canada v Bosnia-Herzegovina,13 Jun 06:00,Player Shots On Target,Player Shots On Target,Nikola Katic,18,Nikola Katic,2+,2+,19.00
Canada v Bosnia-Herzegovina,13 Jun 06:00,Player Shots On Target,Player Shots On Target,Alfie Jones,3,Alfie Jones,2+,2+,21.00
Canada v Bosnia-Herzegovina,13 Jun 06:00,Player Shots On Target,Player Shots On Target,Alistair Johnston,2,Alistair Johnston,2+,2+,21.00
Canada v Bosnia-Herzegovina,13 Jun 06:00,Player Shots On Target,Player Shots On Target,Derek Cornelius,13,Derek Cornelius,2+,2+,21.00
Canada v Bosnia-Herzegovina,13 Jun 06:00,Player Shots On Target,Player Shots On Target,Dzenis Burnic,17,Dzenis Burnic,2+,2+,21.00
Canada v Bosnia-Herzegovina,13 Jun 06:00,Player Shots On Target,Player Shots On Target,Joel Waterman,5,Joel Waterman,2+,2+,21.00
Canada v Bosnia-Herzegovina,13 Jun 06:00,Player Shots On Target,Player Shots On Target,Luc De Fougerolles,4,Luc De Fougerolles,2+,2+,21.00
Canada v Bosnia-Herzegovina,13 Jun 06:00,Player Shots On Target,Player Shots On Target,Niko Sigur,23,Niko Sigur,2+,2+,19.00
Canada v Bosnia-Herzegovina,13 Jun 06:00,Player Shots On Target,Player Shots On Target,Amar Memic,15,Amar Memic,2+,2+,21.00
Canada v Bosnia-Herzegovina,13 Jun 06:00,Player Shots On Target,Player Shots On Target,Ivan Basic,13,Ivan Basic,2+,2+,21.00
Canada v Bosnia-Herzegovina,13 Jun 06:00,Player Shots On Target,Player Shots On Target,Amir Hadziahmetovic,16,Amir Hadziahmetovic,2+,2+,21.00
Canada v Bosnia-Herzegovina,13 Jun 06:00,Player Shots On Target,Player Shots On Target,Ivan Sunjic,14,Ivan Sunjic,2+,2+,21.00
Canada v Bosnia-Herzegovina,13 Jun 06:00,Player Shots On Target,Player Shots On Target,Richie Laryea,22,Richie Laryea,2+,2+,21.00
Canada v Bosnia-Herzegovina,13 Jun 06:00,Player Shots On Target,Player Shots On Target,Moise Bombito,15,Moise Bombito,2+,2+,21.00
Canada v Bosnia-Herzegovina,13 Jun 06:00,Player Shots On Target,Player Shots On Target,Jonathan David,10,Jonathan David,3+,3+,6.50
Canada v Bosnia-Herzegovina,13 Jun 06:00,Player Shots On Target,Player Shots On Target,Cyle Larin,9,Cyle Larin,3+,3+,9.00
Canada v Bosnia-Herzegovina,13 Jun 06:00,Player Shots On Target,Player Shots On Target,Promise David,24,Promise David,3+,3+,9.00
Canada v Bosnia-Herzegovina,13 Jun 06:00,Player Shots On Target,Player Shots On Target,Tani Oluwaseyi,12,Tani Oluwaseyi,3+,3+,15.00
Canada v Bosnia-Herzegovina,13 Jun 06:00,Player Shots On Target,Player Shots On Target,Edin Dzeko,11,Edin Dzeko,3+,3+,17.00
Canada v Bosnia-Herzegovina,13 Jun 06:00,Player Shots On Target,Player Shots On Target,Ermedin Demirovic,10,Ermedin Demirovic,3+,3+,19.00
Canada v Bosnia-Herzegovina,13 Jun 06:00,Player Shots On Target,Player Shots On Target,Haris Tabakovic,23,Haris Tabakovic,3+,3+,21.00
Canada v Bosnia-Herzegovina,13 Jun 06:00,Player Shots On Target,Player Shots On Target,Jacob Shaffelburg,14,Jacob Shaffelburg,3+,3+,19.00
Canada v Bosnia-Herzegovina,13 Jun 06:00,Player Shots On Target,Player Shots On Target,Jayden Nelson,26,Jayden Nelson,3+,3+,19.00
Canada v Bosnia-Herzegovina,13 Jun 06:00,Player Shots On Target,Player Shots On Target,Jovo Lukic,25,Jovo Lukic,3+,3+,21.00
Canada v Bosnia-Herzegovina,13 Jun 06:00,Player Shots On Target,Player Shots On Target,Kerim Alajbegovic,19,Kerim Alajbegovic,3+,3+,21.00
Canada v Bosnia-Herzegovina,13 Jun 06:00,Player Shots On Target,Player Shots On Target,Tajon Buchanan,17,Tajon Buchanan,3+,3+,21.00
Canada v Bosnia-Herzegovina,13 Jun 06:00,Player Shots On Target,Player Shots On Target,Jonathan David,10,Jonathan David,4+,4+,19.00
Canada v Bosnia-Herzegovina,13 Jun 06:00,Player Shots On Target,Player Shots On Target,Cyle Larin,9,Cyle Larin,4+,4+,21.00
Canada v Bosnia-Herzegovina,13 Jun 06:00,Player Shots On Target,Player Shots On Target,Promise David,24,Promise David,4+,4+,21.00
Canada v Bosnia-Herzegovina,13 Jun 06:00,Player Shots,Player Shots,Moise Bombito,15,Moise Bombito,1+,1+,1.04
Canada v Bosnia-Herzegovina,13 Jun 06:00,Player Shots,Player Shots,Cyle Larin,9,Cyle Larin,1+,1+,1.04
Canada v Bosnia-Herzegovina,13 Jun 06:00,Player Shots,Player Shots,Promise David,24,Promise David,1+,1+,1.05
Canada v Bosnia-Herzegovina,13 Jun 06:00,Player Shots,Player Shots,Jonathan David,10,Jonathan David,1+,1+,1.10
Canada v Bosnia-Herzegovina,13 Jun 06:00,Player Shots,Player Shots,Edin Dzeko,11,Edin Dzeko,1+,1+,1.10
Canada v Bosnia-Herzegovina,13 Jun 06:00,Player Shots,Player Shots,Tani Oluwaseyi,12,Tani Oluwaseyi,1+,1+,1.11
Canada v Bosnia-Herzegovina,13 Jun 06:00,Player Shots,Player Shots,Ermedin Demirovic,10,Ermedin Demirovic,1+,1+,1.11
Canada v Bosnia-Herzegovina,13 Jun 06:00,Player Shots,Player Shots,Kerim Alajbegovic,19,Kerim Alajbegovic,1+,1+,1.14
Canada v Bosnia-Herzegovina,13 Jun 06:00,Player Shots,Player Shots,Haris Tabakovic,23,Haris Tabakovic,1+,1+,1.14
Canada v Bosnia-Herzegovina,13 Jun 06:00,Player Shots,Player Shots,Jacob Shaffelburg,14,Jacob Shaffelburg,1+,1+,1.14
Canada v Bosnia-Herzegovina,13 Jun 06:00,Player Shots,Player Shots,Jayden Nelson,26,Jayden Nelson,1+,1+,1.14
Canada v Bosnia-Herzegovina,13 Jun 06:00,Player Shots,Player Shots,Liam Millar,11,Liam Millar,1+,1+,1.14
Canada v Bosnia-Herzegovina,13 Jun 06:00,Player Shots,Player Shots,Samed Bazdar,9,Samed Bazdar,1+,1+,1.18
Canada v Bosnia-Herzegovina,13 Jun 06:00,Player Shots,Player Shots,Jovo Lukic,25,Jovo Lukic,1+,1+,1.20
Canada v Bosnia-Herzegovina,13 Jun 06:00,Player Shots,Player Shots,Esmir Bajraktarevic,20,Esmir Bajraktarevic,1+,1+,1.20
Canada v Bosnia-Herzegovina,13 Jun 06:00,Player Shots,Player Shots,Tajon Buchanan,17,Tajon Buchanan,1+,1+,1.25
Canada v Bosnia-Herzegovina,13 Jun 06:00,Player Shots,Player Shots,Jonathan Osorio,21,Jonathan Osorio,1+,1+,1.25
Canada v Bosnia-Herzegovina,13 Jun 06:00,Player Shots,Player Shots,Nathan-Dylan Saliba,25,Nathan-Dylan Saliba,1+,1+,1.33
Canada v Bosnia-Herzegovina,13 Jun 06:00,Player Shots,Player Shots,Ermin Mahmic,26,Ermin Mahmic,1+,1+,1.40
Canada v Bosnia-Herzegovina,13 Jun 06:00,Player Shots,Player Shots,Ali Ahmed,20,Ali Ahmed,1+,1+,1.40
Canada v Bosnia-Herzegovina,13 Jun 06:00,Player Shots,Player Shots,Mathieu Choiniere,6,Mathieu Choiniere,1+,1+,1.44
Canada v Bosnia-Herzegovina,13 Jun 06:00,Player Shots,Player Shots,Nikola Katic,18,Nikola Katic,1+,1+,1.50
Canada v Bosnia-Herzegovina,13 Jun 06:00,Player Shots,Player Shots,Amar Memic,15,Amar Memic,1+,1+,1.57
Canada v Bosnia-Herzegovina,13 Jun 06:00,Player Shots,Player Shots,Armin Gigovic,8,Armin Gigovic,1+,1+,1.57
Canada v Bosnia-Herzegovina,13 Jun 06:00,Player Shots,Player Shots,Benjamin Tahirovic,6,Benjamin Tahirovic,1+,1+,1.57
Canada v Bosnia-Herzegovina,13 Jun 06:00,Player Shots,Player Shots,Ismael Kone,8,Ismael Kone,1+,1+,1.66
Canada v Bosnia-Herzegovina,13 Jun 06:00,Player Shots,Player Shots,Ivan Basic,13,Ivan Basic,1+,1+,1.72
Canada v Bosnia-Herzegovina,13 Jun 06:00,Player Shots,Player Shots,Derek Cornelius,13,Derek Cornelius,1+,1+,1.72
Canada v Bosnia-Herzegovina,13 Jun 06:00,Player Shots,Player Shots,Niko Sigur,23,Niko Sigur,1+,1+,1.80
Canada v Bosnia-Herzegovina,13 Jun 06:00,Player Shots,Player Shots,Stephen Eustaquio,7,Stephen Eustaquio,1+,1+,1.83
Canada v Bosnia-Herzegovina,13 Jun 06:00,Player Shots,Player Shots,Alfie Jones,3,Alfie Jones,1+,1+,1.83
Canada v Bosnia-Herzegovina,13 Jun 06:00,Player Shots,Player Shots,Alistair Johnston,2,Alistair Johnston,1+,1+,1.83
Canada v Bosnia-Herzegovina,13 Jun 06:00,Player Shots,Player Shots,Dzenis Burnic,17,Dzenis Burnic,1+,1+,1.83
Canada v Bosnia-Herzegovina,13 Jun 06:00,Player Shots,Player Shots,Joel Waterman,5,Joel Waterman,1+,1+,1.83
Canada v Bosnia-Herzegovina,13 Jun 06:00,Player Shots,Player Shots,Luc De Fougerolles,4,Luc De Fougerolles,1+,1+,2.00
Canada v Bosnia-Herzegovina,13 Jun 06:00,Player Shots,Player Shots,Amir Hadziahmetovic,16,Amir Hadziahmetovic,1+,1+,2.00
Canada v Bosnia-Herzegovina,13 Jun 06:00,Player Shots,Player Shots,Ivan Sunjic,14,Ivan Sunjic,1+,1+,2.00
Canada v Bosnia-Herzegovina,13 Jun 06:00,Player Shots,Player Shots,Richie Laryea,22,Richie Laryea,1+,1+,2.37
Canada v Bosnia-Herzegovina,13 Jun 06:00,Player Shots,Player Shots,Amar Dedic,7,Amar Dedic,1+,1+,2.50
Canada v Bosnia-Herzegovina,13 Jun 06:00,Player Shots,Player Shots,Nidal Celik,24,Nidal Celik,1+,1+,2.50
Canada v Bosnia-Herzegovina,13 Jun 06:00,Player Shots,Player Shots,Nihad Mujakic,2,Nihad Mujakic,1+,1+,2.50
Canada v Bosnia-Herzegovina,13 Jun 06:00,Player Shots,Player Shots,Sead Kolasinac,5,Sead Kolasinac,1+,1+,2.50
Canada v Bosnia-Herzegovina,13 Jun 06:00,Player Shots,Player Shots,Stjepan Radeljic,21,Stjepan Radeljic,1+,1+,2.50
Canada v Bosnia-Herzegovina,13 Jun 06:00,Player Shots,Player Shots,Tarik Muharemovic,4,Tarik Muharemovic,1+,1+,3.00
Canada v Bosnia-Herzegovina,13 Jun 06:00,Player Shots,Player Shots,Dennis Hadzikadunic,3,Dennis Hadzikadunic,1+,1+,1.83
Canada v Bosnia-Herzegovina,13 Jun 06:00,Player Shots,Player Shots,Moise Bombito,15,Moise Bombito,2+,2+,5.00
Canada v Bosnia-Herzegovina,13 Jun 06:00,Player Shots,Player Shots,Cyle Larin,9,Cyle Larin,2+,2+,1.25
Canada v Bosnia-Herzegovina,13 Jun 06:00,Player Shots,Player Shots,Promise David,24,Promise David,2+,2+,1.25
Canada v Bosnia-Herzegovina,13 Jun 06:00,Player Shots,Player Shots,Jonathan David,10,Jonathan David,2+,2+,1.30
Canada v Bosnia-Herzegovina,13 Jun 06:00,Player Shots,Player Shots,Edin Dzeko,11,Edin Dzeko,2+,2+,1.44
Canada v Bosnia-Herzegovina,13 Jun 06:00,Player Shots,Player Shots,Tani Oluwaseyi,12,Tani Oluwaseyi,2+,2+,1.44
Canada v Bosnia-Herzegovina,13 Jun 06:00,Player Shots,Player Shots,Ermedin Demirovic,10,Ermedin Demirovic,2+,2+,1.53
Canada v Bosnia-Herzegovina,13 Jun 06:00,Player Shots,Player Shots,Kerim Alajbegovic,19,Kerim Alajbegovic,2+,2+,1.53
Canada v Bosnia-Herzegovina,13 Jun 06:00,Player Shots,Player Shots,Haris Tabakovic,23,Haris Tabakovic,2+,2+,1.66
Canada v Bosnia-Herzegovina,13 Jun 06:00,Player Shots,Player Shots,Jacob Shaffelburg,14,Jacob Shaffelburg,2+,2+,1.61
Canada v Bosnia-Herzegovina,13 Jun 06:00,Player Shots,Player Shots,Jayden Nelson,26,Jayden Nelson,2+,2+,1.61
Canada v Bosnia-Herzegovina,13 Jun 06:00,Player Shots,Player Shots,Liam Millar,11,Liam Millar,2+,2+,1.66
Canada v Bosnia-Herzegovina,13 Jun 06:00,Player Shots,Player Shots,Samed Bazdar,9,Samed Bazdar,2+,2+,1.66
Canada v Bosnia-Herzegovina,13 Jun 06:00,Player Shots,Player Shots,Jovo Lukic,25,Jovo Lukic,2+,2+,1.80
Canada v Bosnia-Herzegovina,13 Jun 06:00,Player Shots,Player Shots,Esmir Bajraktarevic,20,Esmir Bajraktarevic,2+,2+,1.83
Canada v Bosnia-Herzegovina,13 Jun 06:00,Player Shots,Player Shots,Tajon Buchanan,17,Tajon Buchanan,2+,2+,1.83
Canada v Bosnia-Herzegovina,13 Jun 06:00,Player Shots,Player Shots,Jonathan Osorio,21,Jonathan Osorio,2+,2+,2.10
Canada v Bosnia-Herzegovina,13 Jun 06:00,Player Shots,Player Shots,Nathan-Dylan Saliba,25,Nathan-Dylan Saliba,2+,2+,2.10
Canada v Bosnia-Herzegovina,13 Jun 06:00,Player Shots,Player Shots,Ermin Mahmic,26,Ermin Mahmic,2+,2+,2.37
Canada v Bosnia-Herzegovina,13 Jun 06:00,Player Shots,Player Shots,Ali Ahmed,20,Ali Ahmed,2+,2+,2.62
Canada v Bosnia-Herzegovina,13 Jun 06:00,Player Shots,Player Shots,Mathieu Choiniere,6,Mathieu Choiniere,2+,2+,2.62
Canada v Bosnia-Herzegovina,13 Jun 06:00,Player Shots,Player Shots,Nikola Katic,18,Nikola Katic,2+,2+,3.00
Canada v Bosnia-Herzegovina,13 Jun 06:00,Player Shots,Player Shots,Amar Memic,15,Amar Memic,2+,2+,3.25
Canada v Bosnia-Herzegovina,13 Jun 06:00,Player Shots,Player Shots,Armin Gigovic,8,Armin Gigovic,2+,2+,3.50
Canada v Bosnia-Herzegovina,13 Jun 06:00,Player Shots,Player Shots,Benjamin Tahirovic,6,Benjamin Tahirovic,2+,2+,3.50
Canada v Bosnia-Herzegovina,13 Jun 06:00,Player Shots,Player Shots,Ismael Kone,8,Ismael Kone,2+,2+,3.50
Canada v Bosnia-Herzegovina,13 Jun 06:00,Player Shots,Player Shots,Ivan Basic,13,Ivan Basic,2+,2+,4.00
Canada v Bosnia-Herzegovina,13 Jun 06:00,Player Shots,Player Shots,Derek Cornelius,13,Derek Cornelius,2+,2+,4.33
Canada v Bosnia-Herzegovina,13 Jun 06:00,Player Shots,Player Shots,Niko Sigur,23,Niko Sigur,2+,2+,4.33
Canada v Bosnia-Herzegovina,13 Jun 06:00,Player Shots,Player Shots,Stephen Eustaquio,7,Stephen Eustaquio,2+,2+,4.50
Canada v Bosnia-Herzegovina,13 Jun 06:00,Player Shots,Player Shots,Alfie Jones,3,Alfie Jones,2+,2+,5.00
Canada v Bosnia-Herzegovina,13 Jun 06:00,Player Shots,Player Shots,Alistair Johnston,2,Alistair Johnston,2+,2+,5.00
Canada v Bosnia-Herzegovina,13 Jun 06:00,Player Shots,Player Shots,Dzenis Burnic,17,Dzenis Burnic,2+,2+,5.00
Canada v Bosnia-Herzegovina,13 Jun 06:00,Player Shots,Player Shots,Joel Waterman,5,Joel Waterman,2+,2+,5.00
Canada v Bosnia-Herzegovina,13 Jun 06:00,Player Shots,Player Shots,Luc De Fougerolles,4,Luc De Fougerolles,2+,2+,5.00
Canada v Bosnia-Herzegovina,13 Jun 06:00,Player Shots,Player Shots,Amir Hadziahmetovic,16,Amir Hadziahmetovic,2+,2+,6.00
Canada v Bosnia-Herzegovina,13 Jun 06:00,Player Shots,Player Shots,Ivan Sunjic,14,Ivan Sunjic,2+,2+,6.00
Canada v Bosnia-Herzegovina,13 Jun 06:00,Player Shots,Player Shots,Richie Laryea,22,Richie Laryea,2+,2+,6.00
Canada v Bosnia-Herzegovina,13 Jun 06:00,Player Shots,Player Shots,Amar Dedic,7,Amar Dedic,2+,2+,8.00
Canada v Bosnia-Herzegovina,13 Jun 06:00,Player Shots,Player Shots,Nidal Celik,24,Nidal Celik,2+,2+,9.00
Canada v Bosnia-Herzegovina,13 Jun 06:00,Player Shots,Player Shots,Nihad Mujakic,2,Nihad Mujakic,2+,2+,9.00
Canada v Bosnia-Herzegovina,13 Jun 06:00,Player Shots,Player Shots,Sead Kolasinac,5,Sead Kolasinac,2+,2+,9.00
Canada v Bosnia-Herzegovina,13 Jun 06:00,Player Shots,Player Shots,Stjepan Radeljic,21,Stjepan Radeljic,2+,2+,9.00
Canada v Bosnia-Herzegovina,13 Jun 06:00,Player Shots,Player Shots,Tarik Muharemovic,4,Tarik Muharemovic,2+,2+,9.00
Canada v Bosnia-Herzegovina,13 Jun 06:00,Player Shots,Player Shots,Dennis Hadzikadunic,3,Dennis Hadzikadunic,2+,2+,11.00
Canada v Bosnia-Herzegovina,13 Jun 06:00,Player Shots,Player Shots,Moise Bombito,15,Moise Bombito,3+,3+,15.00
Canada v Bosnia-Herzegovina,13 Jun 06:00,Player Shots,Player Shots,Cyle Larin,9,Cyle Larin,3+,3+,1.72
Canada v Bosnia-Herzegovina,13 Jun 06:00,Player Shots,Player Shots,Promise David,24,Promise David,3+,3+,1.72
Canada v Bosnia-Herzegovina,13 Jun 06:00,Player Shots,Player Shots,Jonathan David,10,Jonathan David,3+,3+,1.83
Canada v Bosnia-Herzegovina,13 Jun 06:00,Player Shots,Player Shots,Edin Dzeko,11,Edin Dzeko,3+,3+,2.25
Canada v Bosnia-Herzegovina,13 Jun 06:00,Player Shots,Player Shots,Tani Oluwaseyi,12,Tani Oluwaseyi,3+,3+,2.25
Canada v Bosnia-Herzegovina,13 Jun 06:00,Player Shots,Player Shots,Ermedin Demirovic,10,Ermedin Demirovic,3+,3+,2.50
Canada v Bosnia-Herzegovina,13 Jun 06:00,Player Shots,Player Shots,Kerim Alajbegovic,19,Kerim Alajbegovic,3+,3+,2.50
Canada v Bosnia-Herzegovina,13 Jun 06:00,Player Shots,Player Shots,Haris Tabakovic,23,Haris Tabakovic,3+,3+,3.00
Canada v Bosnia-Herzegovina,13 Jun 06:00,Player Shots,Player Shots,Jacob Shaffelburg,14,Jacob Shaffelburg,3+,3+,2.75
Canada v Bosnia-Herzegovina,13 Jun 06:00,Player Shots,Player Shots,Jayden Nelson,26,Jayden Nelson,3+,3+,2.75
Canada v Bosnia-Herzegovina,13 Jun 06:00,Player Shots,Player Shots,Liam Millar,11,Liam Millar,3+,3+,3.00
Canada v Bosnia-Herzegovina,13 Jun 06:00,Player Shots,Player Shots,Samed Bazdar,9,Samed Bazdar,3+,3+,3.00
Canada v Bosnia-Herzegovina,13 Jun 06:00,Player Shots,Player Shots,Jovo Lukic,25,Jovo Lukic,3+,3+,3.40
Canada v Bosnia-Herzegovina,13 Jun 06:00,Player Shots,Player Shots,Esmir Bajraktarevic,20,Esmir Bajraktarevic,3+,3+,3.50
Canada v Bosnia-Herzegovina,13 Jun 06:00,Player Shots,Player Shots,Tajon Buchanan,17,Tajon Buchanan,3+,3+,3.50
Canada v Bosnia-Herzegovina,13 Jun 06:00,Player Shots,Player Shots,Jonathan Osorio,21,Jonathan Osorio,3+,3+,4.33
Canada v Bosnia-Herzegovina,13 Jun 06:00,Player Shots,Player Shots,Nathan-Dylan Saliba,25,Nathan-Dylan Saliba,3+,3+,4.33
Canada v Bosnia-Herzegovina,13 Jun 06:00,Player Shots,Player Shots,Ermin Mahmic,26,Ermin Mahmic,3+,3+,5.50
Canada v Bosnia-Herzegovina,13 Jun 06:00,Player Shots,Player Shots,Ali Ahmed,20,Ali Ahmed,3+,3+,6.50
Canada v Bosnia-Herzegovina,13 Jun 06:00,Player Shots,Player Shots,Mathieu Choiniere,6,Mathieu Choiniere,3+,3+,6.50
Canada v Bosnia-Herzegovina,13 Jun 06:00,Player Shots,Player Shots,Nikola Katic,18,Nikola Katic,3+,3+,7.00
Canada v Bosnia-Herzegovina,13 Jun 06:00,Player Shots,Player Shots,Amar Memic,15,Amar Memic,3+,3+,8.00
Canada v Bosnia-Herzegovina,13 Jun 06:00,Player Shots,Player Shots,Armin Gigovic,8,Armin Gigovic,3+,3+,10.00
Canada v Bosnia-Herzegovina,13 Jun 06:00,Player Shots,Player Shots,Benjamin Tahirovic,6,Benjamin Tahirovic,3+,3+,10.00
Canada v Bosnia-Herzegovina,13 Jun 06:00,Player Shots,Player Shots,Ismael Kone,8,Ismael Kone,3+,3+,10.00
Canada v Bosnia-Herzegovina,13 Jun 06:00,Player Shots,Player Shots,Ivan Basic,13,Ivan Basic,3+,3+,11.00
Canada v Bosnia-Herzegovina,13 Jun 06:00,Player Shots,Player Shots,Derek Cornelius,13,Derek Cornelius,3+,3+,13.00
Canada v Bosnia-Herzegovina,13 Jun 06:00,Player Shots,Player Shots,Niko Sigur,23,Niko Sigur,3+,3+,13.00
Canada v Bosnia-Herzegovina,13 Jun 06:00,Player Shots,Player Shots,Stephen Eustaquio,7,Stephen Eustaquio,3+,3+,15.00
Canada v Bosnia-Herzegovina,13 Jun 06:00,Player Shots,Player Shots,Alfie Jones,3,Alfie Jones,3+,3+,15.00
Canada v Bosnia-Herzegovina,13 Jun 06:00,Player Shots,Player Shots,Alistair Johnston,2,Alistair Johnston,3+,3+,15.00
Canada v Bosnia-Herzegovina,13 Jun 06:00,Player Shots,Player Shots,Dzenis Burnic,17,Dzenis Burnic,3+,3+,15.00
Canada v Bosnia-Herzegovina,13 Jun 06:00,Player Shots,Player Shots,Joel Waterman,5,Joel Waterman,3+,3+,15.00
Canada v Bosnia-Herzegovina,13 Jun 06:00,Player Shots,Player Shots,Luc De Fougerolles,4,Luc De Fougerolles,3+,3+,15.00
Canada v Bosnia-Herzegovina,13 Jun 06:00,Player Shots,Player Shots,Amir Hadziahmetovic,16,Amir Hadziahmetovic,3+,3+,19.00
Canada v Bosnia-Herzegovina,13 Jun 06:00,Player Shots,Player Shots,Ivan Sunjic,14,Ivan Sunjic,3+,3+,19.00
Canada v Bosnia-Herzegovina,13 Jun 06:00,Player Shots,Player Shots,Richie Laryea,22,Richie Laryea,3+,3+,19.00
Canada v Bosnia-Herzegovina,13 Jun 06:00,Player Shots,Player Shots,Amar Dedic,7,Amar Dedic,3+,3+,21.00
Canada v Bosnia-Herzegovina,13 Jun 06:00,Player Shots,Player Shots,Moise Bombito,15,Moise Bombito,4+,4+,2.75
Canada v Bosnia-Herzegovina,13 Jun 06:00,Player Shots,Player Shots,Cyle Larin,9,Cyle Larin,4+,4+,2.75
Canada v Bosnia-Herzegovina,13 Jun 06:00,Player Shots,Player Shots,Promise David,24,Promise David,4+,4+,3.25
Canada v Bosnia-Herzegovina,13 Jun 06:00,Player Shots,Player Shots,Jonathan David,10,Jonathan David,4+,4+,4.00
Canada v Bosnia-Herzegovina,13 Jun 06:00,Player Shots,Player Shots,Edin Dzeko,11,Edin Dzeko,4+,4+,4.00
Canada v Bosnia-Herzegovina,13 Jun 06:00,Player Shots,Player Shots,Tani Oluwaseyi,12,Tani Oluwaseyi,4+,4+,5.00
Canada v Bosnia-Herzegovina,13 Jun 06:00,Player Shots,Player Shots,Ermedin Demirovic,10,Ermedin Demirovic,4+,4+,5.00
Canada v Bosnia-Herzegovina,13 Jun 06:00,Player Shots,Player Shots,Kerim Alajbegovic,19,Kerim Alajbegovic,4+,4+,6.00
Canada v Bosnia-Herzegovina,13 Jun 06:00,Player Shots,Player Shots,Haris Tabakovic,23,Haris Tabakovic,4+,4+,5.50
Canada v Bosnia-Herzegovina,13 Jun 06:00,Player Shots,Player Shots,Jacob Shaffelburg,14,Jacob Shaffelburg,4+,4+,5.50
Canada v Bosnia-Herzegovina,13 Jun 06:00,Player Shots,Player Shots,Jayden Nelson,26,Jayden Nelson,4+,4+,6.00
Canada v Bosnia-Herzegovina,13 Jun 06:00,Player Shots,Player Shots,Liam Millar,11,Liam Millar,4+,4+,6.00
Canada v Bosnia-Herzegovina,13 Jun 06:00,Player Shots,Player Shots,Samed Bazdar,9,Samed Bazdar,4+,4+,7.00
Canada v Bosnia-Herzegovina,13 Jun 06:00,Player Shots,Player Shots,Jovo Lukic,25,Jovo Lukic,4+,4+,8.00
Canada v Bosnia-Herzegovina,13 Jun 06:00,Player Shots,Player Shots,Esmir Bajraktarevic,20,Esmir Bajraktarevic,4+,4+,8.00
Canada v Bosnia-Herzegovina,13 Jun 06:00,Player Shots,Player Shots,Tajon Buchanan,17,Tajon Buchanan,4+,4+,10.00
Canada v Bosnia-Herzegovina,13 Jun 06:00,Player Shots,Player Shots,Jonathan Osorio,21,Jonathan Osorio,4+,4+,10.00
Canada v Bosnia-Herzegovina,13 Jun 06:00,Player Shots,Player Shots,Nathan-Dylan Saliba,25,Nathan-Dylan Saliba,4+,4+,13.00
Canada v Bosnia-Herzegovina,13 Jun 06:00,Player Shots,Player Shots,Ermin Mahmic,26,Ermin Mahmic,4+,4+,17.00
Canada v Bosnia-Herzegovina,13 Jun 06:00,Player Shots,Player Shots,Ali Ahmed,20,Ali Ahmed,4+,4+,17.00
Canada v Bosnia-Herzegovina,13 Jun 06:00,Player Shots,Player Shots,Mathieu Choiniere,6,Mathieu Choiniere,4+,4+,19.00
Canada v Bosnia-Herzegovina,13 Jun 06:00,Player Shots,Player Shots,Nikola Katic,18,Nikola Katic,4+,4+,21.00
Canada v Bosnia-Herzegovina,13 Jun 06:00,Player Shots,Player Shots,Amar Memic,15,Amar Memic,4+,4+,21.00
Canada v Bosnia-Herzegovina,13 Jun 06:00,Player Shots,Player Shots,Armin Gigovic,8,Armin Gigovic,4+,4+,21.00
Canada v Bosnia-Herzegovina,13 Jun 06:00,Player Shots,Player Shots,Benjamin Tahirovic,6,Benjamin Tahirovic,4+,4+,21.00
Canada v Bosnia-Herzegovina,13 Jun 06:00,Player Shots,Player Shots,Moise Bombito,15,Moise Bombito,5+,5+,5.00
Canada v Bosnia-Herzegovina,13 Jun 06:00,Player Shots,Player Shots,Cyle Larin,9,Cyle Larin,5+,5+,5.00
Canada v Bosnia-Herzegovina,13 Jun 06:00,Player Shots,Player Shots,Promise David,24,Promise David,5+,5+,5.50
Canada v Bosnia-Herzegovina,13 Jun 06:00,Player Shots,Player Shots,Jonathan David,10,Jonathan David,5+,5+,9.00
Canada v Bosnia-Herzegovina,13 Jun 06:00,Player Shots,Player Shots,Edin Dzeko,11,Edin Dzeko,5+,5+,9.00
Canada v Bosnia-Herzegovina,13 Jun 06:00,Player Shots,Player Shots,Tani Oluwaseyi,12,Tani Oluwaseyi,5+,5+,10.00
Canada v Bosnia-Herzegovina,13 Jun 06:00,Player Shots,Player Shots,Ermedin Demirovic,10,Ermedin Demirovic,5+,5+,10.00
Canada v Bosnia-Herzegovina,13 Jun 06:00,Player Shots,Player Shots,Kerim Alajbegovic,19,Kerim Alajbegovic,5+,5+,13.00
Canada v Bosnia-Herzegovina,13 Jun 06:00,Player Shots,Player Shots,Haris Tabakovic,23,Haris Tabakovic,5+,5+,13.00
Canada v Bosnia-Herzegovina,13 Jun 06:00,Player Shots,Player Shots,Jacob Shaffelburg,14,Jacob Shaffelburg,5+,5+,13.00
Canada v Bosnia-Herzegovina,13 Jun 06:00,Player Shots,Player Shots,Jayden Nelson,26,Jayden Nelson,5+,5+,13.00
Canada v Bosnia-Herzegovina,13 Jun 06:00,Player Shots,Player Shots,Liam Millar,11,Liam Millar,5+,5+,13.00
Canada v Bosnia-Herzegovina,13 Jun 06:00,Player Shots,Player Shots,Samed Bazdar,9,Samed Bazdar,5+,5+,15.00
Canada v Bosnia-Herzegovina,13 Jun 06:00,Player Shots,Player Shots,Jovo Lukic,25,Jovo Lukic,5+,5+,17.00
Canada v Bosnia-Herzegovina,13 Jun 06:00,Player Shots,Player Shots,Esmir Bajraktarevic,20,Esmir Bajraktarevic,5+,5+,17.00
Canada v Bosnia-Herzegovina,13 Jun 06:00,Player Shots,Player Shots,Tajon Buchanan,17,Tajon Buchanan,5+,5+,21.00
Canada v Bosnia-Herzegovina,13 Jun 06:00,Player Shots,Player Shots,Jonathan Osorio,21,Jonathan Osorio,5+,5+,21.00
Canada v Bosnia-Herzegovina,13 Jun 06:00,Player Shots,Player Shots,Moise Bombito,15,Moise Bombito,6+,6+,10.00
Canada v Bosnia-Herzegovina,13 Jun 06:00,Player Shots,Player Shots,Cyle Larin,9,Cyle Larin,6+,6+,10.00
Canada v Bosnia-Herzegovina,13 Jun 06:00,Player Shots,Player Shots,Promise David,24,Promise David,6+,6+,11.00
Canada v Bosnia-Herzegovina,13 Jun 06:00,Player Shots,Player Shots,Jonathan David,10,Jonathan David,6+,6+,17.00
Canada v Bosnia-Herzegovina,13 Jun 06:00,Player Shots,Player Shots,Edin Dzeko,11,Edin Dzeko,6+,6+,19.00
Canada v Bosnia-Herzegovina,13 Jun 06:00,Player Shots,Player Shots,Tani Oluwaseyi,12,Tani Oluwaseyi,6+,6+,21.00
Canada v Bosnia-Herzegovina,13 Jun 06:00,Player Shots,Player Shots,Ermedin Demirovic,10,Ermedin Demirovic,6+,6+,21.00
Canada v Bosnia-Herzegovina,13 Jun 06:00,Player Shots,Player Shots,Kerim Alajbegovic,19,Kerim Alajbegovic,6+,6+,21.00
Canada v Bosnia-Herzegovina,13 Jun 06:00,Player Shots,Player Shots,Haris Tabakovic,23,Haris Tabakovic,6+,6+,21.00
Canada v Bosnia-Herzegovina,13 Jun 06:00,Player Shots,Player Shots,Jacob Shaffelburg,14,Jacob Shaffelburg,6+,6+,21.00
Canada v Bosnia-Herzegovina,13 Jun 06:00,Player Shots,Player Shots,Jayden Nelson,26,Jayden Nelson,6+,6+,21.00
Canada v Bosnia-Herzegovina,13 Jun 06:00,Player Shots,Player Shots,Liam Millar,11,Liam Millar,6+,6+,21.00
Canada v Bosnia-Herzegovina,13 Jun 06:00,Player Shots,Player Shots,Moise Bombito,15,Moise Bombito,7+,7+,19.00
Canada v Bosnia-Herzegovina,13 Jun 06:00,Player Shots,Player Shots,Cyle Larin,9,Cyle Larin,7+,7+,19.00
Canada v Bosnia-Herzegovina,13 Jun 06:00,Player Shots,Player Shots,Promise David,24,Promise David,7+,7+,21.00
Canada v Bosnia-Herzegovina,13 Jun 06:00,Player Cards,Player Cards,Dennis Hadzikadunic,3,Dennis Hadzikadunic,Booked,Booked,2.25
Canada v Bosnia-Herzegovina,13 Jun 06:00,Player Cards,Player Cards,Armin Gigovic,8,Armin Gigovic,Booked,Booked,2.75
Canada v Bosnia-Herzegovina,13 Jun 06:00,Player Cards,Player Cards,Amir Hadziahmetovic,16,Amir Hadziahmetovic,Booked,Booked,2.87
Canada v Bosnia-Herzegovina,13 Jun 06:00,Player Cards,Player Cards,Benjamin Tahirovic,6,Benjamin Tahirovic,Booked,Booked,2.87
Canada v Bosnia-Herzegovina,13 Jun 06:00,Player Cards,Player Cards,Nihad Mujakic,2,Nihad Mujakic,Booked,Booked,2.87
Canada v Bosnia-Herzegovina,13 Jun 06:00,Player Cards,Player Cards,Moise Bombito,15,Moise Bombito,Booked,Booked,3.00
Canada v Bosnia-Herzegovina,13 Jun 06:00,Player Cards,Player Cards,Derek Cornelius,13,Derek Cornelius,Booked,Booked,3.10
Canada v Bosnia-Herzegovina,13 Jun 06:00,Player Cards,Player Cards,Amar Dedic,7,Amar Dedic,Booked,Booked,3.25
Canada v Bosnia-Herzegovina,13 Jun 06:00,Player Cards,Player Cards,Dzenis Burnic,17,Dzenis Burnic,Booked,Booked,3.25
Canada v Bosnia-Herzegovina,13 Jun 06:00,Player Cards,Player Cards,Ermedin Demirovic,10,Ermedin Demirovic,Booked,Booked,3.25
Canada v Bosnia-Herzegovina,13 Jun 06:00,Player Cards,Player Cards,Ivan Basic,13,Ivan Basic,Booked,Booked,3.25
Canada v Bosnia-Herzegovina,13 Jun 06:00,Player Cards,Player Cards,Ivan Sunjic,14,Ivan Sunjic,Booked,Booked,3.25
Canada v Bosnia-Herzegovina,13 Jun 06:00,Player Cards,Player Cards,Sead Kolasinac,5,Sead Kolasinac,Booked,Booked,3.25
Canada v Bosnia-Herzegovina,13 Jun 06:00,Player Cards,Player Cards,Tarik Muharemovic,4,Tarik Muharemovic,Booked,Booked,3.25
Canada v Bosnia-Herzegovina,13 Jun 06:00,Player Cards,Player Cards,Amar Memic,15,Amar Memic,Booked,Booked,3.60
Canada v Bosnia-Herzegovina,13 Jun 06:00,Player Cards,Player Cards,Haris Tabakovic,23,Haris Tabakovic,Booked,Booked,3.60
Canada v Bosnia-Herzegovina,13 Jun 06:00,Player Cards,Player Cards,Nikola Katic,18,Nikola Katic,Booked,Booked,3.60
Canada v Bosnia-Herzegovina,13 Jun 06:00,Player Cards,Player Cards,Stjepan Radeljic,21,Stjepan Radeljic,Booked,Booked,3.60
Canada v Bosnia-Herzegovina,13 Jun 06:00,Player Cards,Player Cards,Tajon Buchanan,17,Tajon Buchanan,Booked,Booked,3.60
Canada v Bosnia-Herzegovina,13 Jun 06:00,Player Cards,Player Cards,Alistair Johnston,2,Alistair Johnston,Booked,Booked,4.00
Canada v Bosnia-Herzegovina,13 Jun 06:00,Player Cards,Player Cards,Ermin Mahmic,26,Ermin Mahmic,Booked,Booked,4.00
Canada v Bosnia-Herzegovina,13 Jun 06:00,Player Cards,Player Cards,Jayden Nelson,26,Jayden Nelson,Booked,Booked,4.00
Canada v Bosnia-Herzegovina,13 Jun 06:00,Player Cards,Player Cards,Jovo Lukic,25,Jovo Lukic,Booked,Booked,4.00
Canada v Bosnia-Herzegovina,13 Jun 06:00,Player Cards,Player Cards,Luc De Fougerolles,4,Luc De Fougerolles,Booked,Booked,4.00
Canada v Bosnia-Herzegovina,13 Jun 06:00,Player Cards,Player Cards,Nidal Celik,24,Nidal Celik,Booked,Booked,4.00
Canada v Bosnia-Herzegovina,13 Jun 06:00,Player Cards,Player Cards,Richie Laryea,22,Richie Laryea,Booked,Booked,4.00
Canada v Bosnia-Herzegovina,13 Jun 06:00,Player Cards,Player Cards,Samed Bazdar,9,Samed Bazdar,Booked,Booked,4.00
Canada v Bosnia-Herzegovina,13 Jun 06:00,Player Cards,Player Cards,Edin Dzeko,11,Edin Dzeko,Booked,Booked,4.33
Canada v Bosnia-Herzegovina,13 Jun 06:00,Player Cards,Player Cards,Kerim Alajbegovic,19,Kerim Alajbegovic,Booked,Booked,4.33
Canada v Bosnia-Herzegovina,13 Jun 06:00,Player Cards,Player Cards,Alfie Jones,3,Alfie Jones,Booked,Booked,4.50
Canada v Bosnia-Herzegovina,13 Jun 06:00,Player Cards,Player Cards,Cyle Larin,9,Cyle Larin,Booked,Booked,4.50
Canada v Bosnia-Herzegovina,13 Jun 06:00,Player Cards,Player Cards,Ismael Kone,8,Ismael Kone,Booked,Booked,4.50
Canada v Bosnia-Herzegovina,13 Jun 06:00,Player Cards,Player Cards,Joel Waterman,5,Joel Waterman,Booked,Booked,4.50
Canada v Bosnia-Herzegovina,13 Jun 06:00,Player Cards,Player Cards,Stephen Eustaquio,7,Stephen Eustaquio,Booked,Booked,4.50
Canada v Bosnia-Herzegovina,13 Jun 06:00,Player Cards,Player Cards,Tani Oluwaseyi,12,Tani Oluwaseyi,Booked,Booked,4.50
Canada v Bosnia-Herzegovina,13 Jun 06:00,Player Cards,Player Cards,Esmir Bajraktarevic,20,Esmir Bajraktarevic,Booked,Booked,4.75
Canada v Bosnia-Herzegovina,13 Jun 06:00,Player Cards,Player Cards,Nathan-Dylan Saliba,25,Nathan-Dylan Saliba,Booked,Booked,5.00
Canada v Bosnia-Herzegovina,13 Jun 06:00,Player Cards,Player Cards,Niko Sigur,23,Niko Sigur,Booked,Booked,5.00
Canada v Bosnia-Herzegovina,13 Jun 06:00,Player Cards,Player Cards,Mathieu Choiniere,6,Mathieu Choiniere,Booked,Booked,5.50
Canada v Bosnia-Herzegovina,13 Jun 06:00,Player Cards,Player Cards,Ali Ahmed,20,Ali Ahmed,Booked,Booked,6.00
Canada v Bosnia-Herzegovina,13 Jun 06:00,Player Cards,Player Cards,Jonathan Osorio,21,Jonathan Osorio,Booked,Booked,6.00
Canada v Bosnia-Herzegovina,13 Jun 06:00,Player Cards,Player Cards,Liam Millar,11,Liam Millar,Booked,Booked,6.00
Canada v Bosnia-Herzegovina,13 Jun 06:00,Player Cards,Player Cards,Promise David,24,Promise David,Booked,Booked,6.00
Canada v Bosnia-Herzegovina,13 Jun 06:00,Player Cards,Player Cards,Jacob Shaffelburg,14,Jacob Shaffelburg,Booked,Booked,6.50
Canada v Bosnia-Herzegovina,13 Jun 06:00,Player Cards,Player Cards,Dayne St. Clair,1,Dayne St. Clair,Booked,Booked,7.50
Canada v Bosnia-Herzegovina,13 Jun 06:00,Player Cards,Player Cards,Jonathan David,10,Jonathan David,Booked,Booked,7.50
Canada v Bosnia-Herzegovina,13 Jun 06:00,Player Cards,Player Cards,Maxime Crepeau,16,Maxime Crepeau,Booked,Booked,7.50
Canada v Bosnia-Herzegovina,13 Jun 06:00,Player Cards,Player Cards,Owen Goodman,18,Owen Goodman,Booked,Booked,7.50
Canada v Bosnia-Herzegovina,13 Jun 06:00,Player Cards,Player Cards,Martin Zlomislic,22,Martin Zlomislic,Booked,Booked,8.00
Canada v Bosnia-Herzegovina,13 Jun 06:00,Player Cards,Player Cards,Mladen Jurkas,,Mladen Jurkas,Booked,Booked,8.00
Canada v Bosnia-Herzegovina,13 Jun 06:00,Player Cards,Player Cards,Nikola Vasilj,1,Nikola Vasilj,Booked,Booked,8.00
Canada v Bosnia-Herzegovina,13 Jun 06:00,Player Cards,Player Cards,Dennis Hadzikadunic,3,Dennis Hadzikadunic,1st Card,1st Card,7.50
Canada v Bosnia-Herzegovina,13 Jun 06:00,Player Cards,Player Cards,Armin Gigovic,8,Armin Gigovic,1st Card,1st Card,9.50
Canada v Bosnia-Herzegovina,13 Jun 06:00,Player Cards,Player Cards,Amir Hadziahmetovic,16,Amir Hadziahmetovic,1st Card,1st Card,10.00
Canada v Bosnia-Herzegovina,13 Jun 06:00,Player Cards,Player Cards,Benjamin Tahirovic,6,Benjamin Tahirovic,1st Card,1st Card,10.00
Canada v Bosnia-Herzegovina,13 Jun 06:00,Player Cards,Player Cards,Nihad Mujakic,2,Nihad Mujakic,1st Card,1st Card,10.00
Canada v Bosnia-Herzegovina,13 Jun 06:00,Player Cards,Player Cards,Moise Bombito,15,Moise Bombito,1st Card,1st Card,11.00
Canada v Bosnia-Herzegovina,13 Jun 06:00,Player Cards,Player Cards,Derek Cornelius,13,Derek Cornelius,1st Card,1st Card,12.00
Canada v Bosnia-Herzegovina,13 Jun 06:00,Player Cards,Player Cards,Amar Dedic,7,Amar Dedic,1st Card,1st Card,12.00
Canada v Bosnia-Herzegovina,13 Jun 06:00,Player Cards,Player Cards,Dzenis Burnic,17,Dzenis Burnic,1st Card,1st Card,12.00
Canada v Bosnia-Herzegovina,13 Jun 06:00,Player Cards,Player Cards,Ermedin Demirovic,10,Ermedin Demirovic,1st Card,1st Card,12.00
Canada v Bosnia-Herzegovina,13 Jun 06:00,Player Cards,Player Cards,Ivan Basic,13,Ivan Basic,1st Card,1st Card,12.00
Canada v Bosnia-Herzegovina,13 Jun 06:00,Player Cards,Player Cards,Ivan Sunjic,14,Ivan Sunjic,1st Card,1st Card,12.00
Canada v Bosnia-Herzegovina,13 Jun 06:00,Player Cards,Player Cards,Sead Kolasinac,5,Sead Kolasinac,1st Card,1st Card,12.00
Canada v Bosnia-Herzegovina,13 Jun 06:00,Player Cards,Player Cards,Tarik Muharemovic,4,Tarik Muharemovic,1st Card,1st Card,12.00
Canada v Bosnia-Herzegovina,13 Jun 06:00,Player Cards,Player Cards,Amar Memic,15,Amar Memic,1st Card,1st Card,13.00
Canada v Bosnia-Herzegovina,13 Jun 06:00,Player Cards,Player Cards,Haris Tabakovic,23,Haris Tabakovic,1st Card,1st Card,13.00
Canada v Bosnia-Herzegovina,13 Jun 06:00,Player Cards,Player Cards,Nikola Katic,18,Nikola Katic,1st Card,1st Card,13.00
Canada v Bosnia-Herzegovina,13 Jun 06:00,Player Cards,Player Cards,Stjepan Radeljic,21,Stjepan Radeljic,1st Card,1st Card,13.00
Canada v Bosnia-Herzegovina,13 Jun 06:00,Player Cards,Player Cards,Tajon Buchanan,17,Tajon Buchanan,1st Card,1st Card,15.00
Canada v Bosnia-Herzegovina,13 Jun 06:00,Player Cards,Player Cards,Alistair Johnston,2,Alistair Johnston,1st Card,1st Card,15.00
Canada v Bosnia-Herzegovina,13 Jun 06:00,Player Cards,Player Cards,Ermin Mahmic,26,Ermin Mahmic,1st Card,1st Card,15.00
Canada v Bosnia-Herzegovina,13 Jun 06:00,Player Cards,Player Cards,Jayden Nelson,26,Jayden Nelson,1st Card,1st Card,15.00
Canada v Bosnia-Herzegovina,13 Jun 06:00,Player Cards,Player Cards,Jovo Lukic,25,Jovo Lukic,1st Card,1st Card,15.00
Canada v Bosnia-Herzegovina,13 Jun 06:00,Player Cards,Player Cards,Luc De Fougerolles,4,Luc De Fougerolles,1st Card,1st Card,15.00
Canada v Bosnia-Herzegovina,13 Jun 06:00,Player Cards,Player Cards,Nidal Celik,24,Nidal Celik,1st Card,1st Card,15.00
Canada v Bosnia-Herzegovina,13 Jun 06:00,Player Cards,Player Cards,Richie Laryea,22,Richie Laryea,1st Card,1st Card,15.00
Canada v Bosnia-Herzegovina,13 Jun 06:00,Player Cards,Player Cards,Samed Bazdar,9,Samed Bazdar,1st Card,1st Card,15.00
Canada v Bosnia-Herzegovina,13 Jun 06:00,Player Cards,Player Cards,Edin Dzeko,11,Edin Dzeko,1st Card,1st Card,17.00
Canada v Bosnia-Herzegovina,13 Jun 06:00,Player Cards,Player Cards,Kerim Alajbegovic,19,Kerim Alajbegovic,1st Card,1st Card,17.00
Canada v Bosnia-Herzegovina,13 Jun 06:00,Player Cards,Player Cards,Alfie Jones,3,Alfie Jones,1st Card,1st Card,17.00
Canada v Bosnia-Herzegovina,13 Jun 06:00,Player Cards,Player Cards,Cyle Larin,9,Cyle Larin,1st Card,1st Card,17.00
Canada v Bosnia-Herzegovina,13 Jun 06:00,Player Cards,Player Cards,Ismael Kone,8,Ismael Kone,1st Card,1st Card,17.00
Canada v Bosnia-Herzegovina,13 Jun 06:00,Player Cards,Player Cards,Joel Waterman,5,Joel Waterman,1st Card,1st Card,17.00
Canada v Bosnia-Herzegovina,13 Jun 06:00,Player Cards,Player Cards,Stephen Eustaquio,7,Stephen Eustaquio,1st Card,1st Card,17.00
Canada v Bosnia-Herzegovina,13 Jun 06:00,Player Cards,Player Cards,Tani Oluwaseyi,12,Tani Oluwaseyi,1st Card,1st Card,17.00
Canada v Bosnia-Herzegovina,13 Jun 06:00,Player Cards,Player Cards,Esmir Bajraktarevic,20,Esmir Bajraktarevic,1st Card,1st Card,19.00
Canada v Bosnia-Herzegovina,13 Jun 06:00,Player Cards,Player Cards,Nathan-Dylan Saliba,25,Nathan-Dylan Saliba,1st Card,1st Card,19.00
Canada v Bosnia-Herzegovina,13 Jun 06:00,Player Cards,Player Cards,Niko Sigur,23,Niko Sigur,1st Card,1st Card,19.00
Canada v Bosnia-Herzegovina,13 Jun 06:00,Player Cards,Player Cards,Mathieu Choiniere,6,Mathieu Choiniere,1st Card,1st Card,21.00
Canada v Bosnia-Herzegovina,13 Jun 06:00,Player Cards,Player Cards,Ali Ahmed,20,Ali Ahmed,1st Card,1st Card,23.00
Canada v Bosnia-Herzegovina,13 Jun 06:00,Player Cards,Player Cards,Jonathan Osorio,21,Jonathan Osorio,1st Card,1st Card,23.00
Canada v Bosnia-Herzegovina,13 Jun 06:00,Player Cards,Player Cards,Liam Millar,11,Liam Millar,1st Card,1st Card,23.00
Canada v Bosnia-Herzegovina,13 Jun 06:00,Player Cards,Player Cards,Promise David,24,Promise David,1st Card,1st Card,23.00
Canada v Bosnia-Herzegovina,13 Jun 06:00,Player Cards,Player Cards,Jacob Shaffelburg,14,Jacob Shaffelburg,1st Card,1st Card,26.00
Canada v Bosnia-Herzegovina,13 Jun 06:00,Player Cards,Player Cards,Dayne St. Clair,1,Dayne St. Clair,1st Card,1st Card,29.00
Canada v Bosnia-Herzegovina,13 Jun 06:00,Player Cards,Player Cards,Jonathan David,10,Jonathan David,1st Card,1st Card,29.00
Canada v Bosnia-Herzegovina,13 Jun 06:00,Player Cards,Player Cards,Maxime Crepeau,16,Maxime Crepeau,1st Card,1st Card,29.00
Canada v Bosnia-Herzegovina,13 Jun 06:00,Player Cards,Player Cards,Owen Goodman,18,Owen Goodman,1st Card,1st Card,29.00
Canada v Bosnia-Herzegovina,13 Jun 06:00,Player Cards,Player Cards,Martin Zlomislic,22,Martin Zlomislic,1st Card,1st Card,29.00
Canada v Bosnia-Herzegovina,13 Jun 06:00,Player Cards,Player Cards,Mladen Jurkas,,Mladen Jurkas,1st Card,1st Card,29.00
Canada v Bosnia-Herzegovina,13 Jun 06:00,Player Cards,Player Cards,Nikola Vasilj,1,Nikola Vasilj,1st Card,1st Card,29.00
Canada v Bosnia-Herzegovina,13 Jun 06:00,Player Cards,Player Cards,Dennis Hadzikadunic,3,Dennis Hadzikadunic,Red Card,Red Card,29.00
Canada v Bosnia-Herzegovina,13 Jun 06:00,Player Cards,Player Cards,Armin Gigovic,8,Armin Gigovic,Red Card,Red Card,29.00
Canada v Bosnia-Herzegovina,13 Jun 06:00,Player Cards,Player Cards,Amir Hadziahmetovic,16,Amir Hadziahmetovic,Red Card,Red Card,29.00
Canada v Bosnia-Herzegovina,13 Jun 06:00,Player Cards,Player Cards,Benjamin Tahirovic,6,Benjamin Tahirovic,Red Card,Red Card,34.00
Canada v Bosnia-Herzegovina,13 Jun 06:00,Player Cards,Player Cards,Nihad Mujakic,2,Nihad Mujakic,Red Card,Red Card,34.00
Canada v Bosnia-Herzegovina,13 Jun 06:00,Player Cards,Player Cards,Moise Bombito,15,Moise Bombito,Red Card,Red Card,34.00
Canada v Bosnia-Herzegovina,13 Jun 06:00,Player Cards,Player Cards,Derek Cornelius,13,Derek Cornelius,Red Card,Red Card,41.00
Canada v Bosnia-Herzegovina,13 Jun 06:00,Player Cards,Player Cards,Amar Dedic,7,Amar Dedic,Red Card,Red Card,34.00
Canada v Bosnia-Herzegovina,13 Jun 06:00,Player Cards,Player Cards,Dzenis Burnic,17,Dzenis Burnic,Red Card,Red Card,34.00
Canada v Bosnia-Herzegovina,13 Jun 06:00,Player Cards,Player Cards,Ermedin Demirovic,10,Ermedin Demirovic,Red Card,Red Card,29.00
Canada v Bosnia-Herzegovina,13 Jun 06:00,Player Cards,Player Cards,Ivan Basic,13,Ivan Basic,Red Card,Red Card,34.00
Canada v Bosnia-Herzegovina,13 Jun 06:00,Player Cards,Player Cards,Ivan Sunjic,14,Ivan Sunjic,Red Card,Red Card,34.00
Canada v Bosnia-Herzegovina,13 Jun 06:00,Player Cards,Player Cards,Sead Kolasinac,5,Sead Kolasinac,Red Card,Red Card,34.00
Canada v Bosnia-Herzegovina,13 Jun 06:00,Player Cards,Player Cards,Tarik Muharemovic,4,Tarik Muharemovic,Red Card,Red Card,34.00
Canada v Bosnia-Herzegovina,13 Jun 06:00,Player Cards,Player Cards,Amar Memic,15,Amar Memic,Red Card,Red Card,34.00
Canada v Bosnia-Herzegovina,13 Jun 06:00,Player Cards,Player Cards,Haris Tabakovic,23,Haris Tabakovic,Red Card,Red Card,34.00
Canada v Bosnia-Herzegovina,13 Jun 06:00,Player Cards,Player Cards,Nikola Katic,18,Nikola Katic,Red Card,Red Card,34.00
Canada v Bosnia-Herzegovina,13 Jun 06:00,Player Cards,Player Cards,Stjepan Radeljic,21,Stjepan Radeljic,Red Card,Red Card,34.00
Canada v Bosnia-Herzegovina,13 Jun 06:00,Player Cards,Player Cards,Tajon Buchanan,17,Tajon Buchanan,Red Card,Red Card,51.00
Canada v Bosnia-Herzegovina,13 Jun 06:00,Player Cards,Player Cards,Alistair Johnston,2,Alistair Johnston,Red Card,Red Card,51.00
Canada v Bosnia-Herzegovina,13 Jun 06:00,Player Cards,Player Cards,Ermin Mahmic,26,Ermin Mahmic,Red Card,Red Card,34.00
Canada v Bosnia-Herzegovina,13 Jun 06:00,Player Cards,Player Cards,Jayden Nelson,26,Jayden Nelson,Red Card,Red Card,51.00
Canada v Bosnia-Herzegovina,13 Jun 06:00,Player Cards,Player Cards,Jovo Lukic,25,Jovo Lukic,Red Card,Red Card,34.00
Canada v Bosnia-Herzegovina,13 Jun 06:00,Player Cards,Player Cards,Luc De Fougerolles,4,Luc De Fougerolles,Red Card,Red Card,51.00
Canada v Bosnia-Herzegovina,13 Jun 06:00,Player Cards,Player Cards,Nidal Celik,24,Nidal Celik,Red Card,Red Card,41.00
Canada v Bosnia-Herzegovina,13 Jun 06:00,Player Cards,Player Cards,Richie Laryea,22,Richie Laryea,Red Card,Red Card,51.00
Canada v Bosnia-Herzegovina,13 Jun 06:00,Player Cards,Player Cards,Samed Bazdar,9,Samed Bazdar,Red Card,Red Card,41.00
Canada v Bosnia-Herzegovina,13 Jun 06:00,Player Cards,Player Cards,Edin Dzeko,11,Edin Dzeko,Red Card,Red Card,51.00
Canada v Bosnia-Herzegovina,13 Jun 06:00,Player Cards,Player Cards,Kerim Alajbegovic,19,Kerim Alajbegovic,Red Card,Red Card,41.00
Canada v Bosnia-Herzegovina,13 Jun 06:00,Player Cards,Player Cards,Alfie Jones,3,Alfie Jones,Red Card,Red Card,51.00
Canada v Bosnia-Herzegovina,13 Jun 06:00,Player Cards,Player Cards,Cyle Larin,9,Cyle Larin,Red Card,Red Card,51.00
Canada v Bosnia-Herzegovina,13 Jun 06:00,Player Cards,Player Cards,Ismael Kone,8,Ismael Kone,Red Card,Red Card,51.00
Canada v Bosnia-Herzegovina,13 Jun 06:00,Player Cards,Player Cards,Joel Waterman,5,Joel Waterman,Red Card,Red Card,51.00
Canada v Bosnia-Herzegovina,13 Jun 06:00,Player Cards,Player Cards,Stephen Eustaquio,7,Stephen Eustaquio,Red Card,Red Card,51.00
Canada v Bosnia-Herzegovina,13 Jun 06:00,Player Cards,Player Cards,Tani Oluwaseyi,12,Tani Oluwaseyi,Red Card,Red Card,51.00
Canada v Bosnia-Herzegovina,13 Jun 06:00,Player Cards,Player Cards,Esmir Bajraktarevic,20,Esmir Bajraktarevic,Red Card,Red Card,51.00
Canada v Bosnia-Herzegovina,13 Jun 06:00,Player Cards,Player Cards,Nathan-Dylan Saliba,25,Nathan-Dylan Saliba,Red Card,Red Card,51.00
Canada v Bosnia-Herzegovina,13 Jun 06:00,Player Cards,Player Cards,Niko Sigur,23,Niko Sigur,Red Card,Red Card,51.00
Canada v Bosnia-Herzegovina,13 Jun 06:00,Player Cards,Player Cards,Mathieu Choiniere,6,Mathieu Choiniere,Red Card,Red Card,51.00
Canada v Bosnia-Herzegovina,13 Jun 06:00,Player Cards,Player Cards,Ali Ahmed,20,Ali Ahmed,Red Card,Red Card,67.00
Canada v Bosnia-Herzegovina,13 Jun 06:00,Player Cards,Player Cards,Jonathan Osorio,21,Jonathan Osorio,Red Card,Red Card,67.00
Canada v Bosnia-Herzegovina,13 Jun 06:00,Player Cards,Player Cards,Liam Millar,11,Liam Millar,Red Card,Red Card,67.00
Canada v Bosnia-Herzegovina,13 Jun 06:00,Player Cards,Player Cards,Promise David,24,Promise David,Red Card,Red Card,67.00
Canada v Bosnia-Herzegovina,13 Jun 06:00,Player Cards,Player Cards,Jacob Shaffelburg,14,Jacob Shaffelburg,Red Card,Red Card,67.00
Canada v Bosnia-Herzegovina,13 Jun 06:00,Player Cards,Player Cards,Dayne St. Clair,1,Dayne St. Clair,Red Card,Red Card,101.00
Canada v Bosnia-Herzegovina,13 Jun 06:00,Player Cards,Player Cards,Jonathan David,10,Jonathan David,Red Card,Red Card,81.00
Canada v Bosnia-Herzegovina,13 Jun 06:00,Player Cards,Player Cards,Maxime Crepeau,16,Maxime Crepeau,Red Card,Red Card,101.00
Canada v Bosnia-Herzegovina,13 Jun 06:00,Player Cards,Player Cards,Owen Goodman,18,Owen Goodman,Red Card,Red Card,101.00
Canada v Bosnia-Herzegovina,13 Jun 06:00,Player Cards,Player Cards,Martin Zlomislic,22,Martin Zlomislic,Red Card,Red Card,67.00
Canada v Bosnia-Herzegovina,13 Jun 06:00,Player Cards,Player Cards,Mladen Jurkas,,Mladen Jurkas,Red Card,Red Card,67.00
Canada v Bosnia-Herzegovina,13 Jun 06:00,Player Cards,Player Cards,Nikola Vasilj,1,Nikola Vasilj,Red Card,Red Card,67.00
Canada v Bosnia-Herzegovina,13 Jun 06:00,Player Fouls Committed,Player Fouls Committed,Ivan Sunjic,14,Ivan Sunjic,1+,1+,1.071
Canada v Bosnia-Herzegovina,13 Jun 06:00,Player Fouls Committed,Player Fouls Committed,Nathan-Dylan Saliba,25,Nathan-Dylan Saliba,1+,1+,1.083
Canada v Bosnia-Herzegovina,13 Jun 06:00,Player Fouls Committed,Player Fouls Committed,Ermedin Demirovic,10,Ermedin Demirovic,1+,1+,1.10
Canada v Bosnia-Herzegovina,13 Jun 06:00,Player Fouls Committed,Player Fouls Committed,Haris Tabakovic,23,Haris Tabakovic,1+,1+,1.10
Canada v Bosnia-Herzegovina,13 Jun 06:00,Player Fouls Committed,Player Fouls Committed,Stephen Eustaquio,7,Stephen Eustaquio,1+,1+,1.10
Canada v Bosnia-Herzegovina,13 Jun 06:00,Player Fouls Committed,Player Fouls Committed,Benjamin Tahirovic,6,Benjamin Tahirovic,1+,1+,1.12
Canada v Bosnia-Herzegovina,13 Jun 06:00,Player Fouls Committed,Player Fouls Committed,Ivan Basic,13,Ivan Basic,1+,1+,1.12
Canada v Bosnia-Herzegovina,13 Jun 06:00,Player Fouls Committed,Player Fouls Committed,Sead Kolasinac,5,Sead Kolasinac,1+,1+,1.14
Canada v Bosnia-Herzegovina,13 Jun 06:00,Player Fouls Committed,Player Fouls Committed,Nikola Katic,18,Nikola Katic,1+,1+,1.16
Canada v Bosnia-Herzegovina,13 Jun 06:00,Player Fouls Committed,Player Fouls Committed,Tajon Buchanan,17,Tajon Buchanan,1+,1+,1.16
Canada v Bosnia-Herzegovina,13 Jun 06:00,Player Fouls Committed,Player Fouls Committed,Cyle Larin,9,Cyle Larin,1+,1+,1.18
Canada v Bosnia-Herzegovina,13 Jun 06:00,Player Fouls Committed,Player Fouls Committed,Dennis Hadzikadunic,3,Dennis Hadzikadunic,1+,1+,1.18
Canada v Bosnia-Herzegovina,13 Jun 06:00,Player Fouls Committed,Player Fouls Committed,Derek Cornelius,13,Derek Cornelius,1+,1+,1.18
Canada v Bosnia-Herzegovina,13 Jun 06:00,Player Fouls Committed,Player Fouls Committed,Ismael Kone,8,Ismael Kone,1+,1+,1.18
Canada v Bosnia-Herzegovina,13 Jun 06:00,Player Fouls Committed,Player Fouls Committed,Luc De Fougerolles,4,Luc De Fougerolles,1+,1+,1.18
Canada v Bosnia-Herzegovina,13 Jun 06:00,Player Fouls Committed,Player Fouls Committed,Richie Laryea,22,Richie Laryea,1+,1+,1.18
Canada v Bosnia-Herzegovina,13 Jun 06:00,Player Fouls Committed,Player Fouls Committed,Stjepan Radeljic,21,Stjepan Radeljic,1+,1+,1.18
Canada v Bosnia-Herzegovina,13 Jun 06:00,Player Fouls Committed,Player Fouls Committed,Ali Ahmed,20,Ali Ahmed,1+,1+,1.20
Canada v Bosnia-Herzegovina,13 Jun 06:00,Player Fouls Committed,Player Fouls Committed,Alistair Johnston,2,Alistair Johnston,1+,1+,1.22
Canada v Bosnia-Herzegovina,13 Jun 06:00,Player Fouls Committed,Player Fouls Committed,Armin Gigovic,8,Armin Gigovic,1+,1+,1.22
Canada v Bosnia-Herzegovina,13 Jun 06:00,Player Fouls Committed,Player Fouls Committed,Mathieu Choiniere,6,Mathieu Choiniere,1+,1+,1.22
Canada v Bosnia-Herzegovina,13 Jun 06:00,Player Fouls Committed,Player Fouls Committed,Amir Hadziahmetovic,16,Amir Hadziahmetovic,1+,1+,1.25
Canada v Bosnia-Herzegovina,13 Jun 06:00,Player Fouls Committed,Player Fouls Committed,Jacob Shaffelburg,14,Jacob Shaffelburg,1+,1+,1.25
Canada v Bosnia-Herzegovina,13 Jun 06:00,Player Fouls Committed,Player Fouls Committed,Jayden Nelson,26,Jayden Nelson,1+,1+,1.28
Canada v Bosnia-Herzegovina,13 Jun 06:00,Player Fouls Committed,Player Fouls Committed,Liam Millar,11,Liam Millar,1+,1+,1.28
Canada v Bosnia-Herzegovina,13 Jun 06:00,Player Fouls Committed,Player Fouls Committed,Nihad Mujakic,2,Nihad Mujakic,1+,1+,1.28
Canada v Bosnia-Herzegovina,13 Jun 06:00,Player Fouls Committed,Player Fouls Committed,Dzenis Burnic,17,Dzenis Burnic,1+,1+,1.30
Canada v Bosnia-Herzegovina,13 Jun 06:00,Player Fouls Committed,Player Fouls Committed,Ermin Mahmic,26,Ermin Mahmic,1+,1+,1.30
Canada v Bosnia-Herzegovina,13 Jun 06:00,Player Fouls Committed,Player Fouls Committed,Kerim Alajbegovic,19,Kerim Alajbegovic,1+,1+,1.30
Canada v Bosnia-Herzegovina,13 Jun 06:00,Player Fouls Committed,Player Fouls Committed,Tani Oluwaseyi,12,Tani Oluwaseyi,1+,1+,1.30
Canada v Bosnia-Herzegovina,13 Jun 06:00,Player Fouls Committed,Player Fouls Committed,Alfie Jones,3,Alfie Jones,1+,1+,1.33
Canada v Bosnia-Herzegovina,13 Jun 06:00,Player Fouls Committed,Player Fouls Committed,Amar Dedic,7,Amar Dedic,1+,1+,1.33
Canada v Bosnia-Herzegovina,13 Jun 06:00,Player Fouls Committed,Player Fouls Committed,Esmir Bajraktarevic,20,Esmir Bajraktarevic,1+,1+,1.33
Canada v Bosnia-Herzegovina,13 Jun 06:00,Player Fouls Committed,Player Fouls Committed,Joel Waterman,5,Joel Waterman,1+,1+,1.33
Canada v Bosnia-Herzegovina,13 Jun 06:00,Player Fouls Committed,Player Fouls Committed,Promise David,24,Promise David,1+,1+,1.33
Canada v Bosnia-Herzegovina,13 Jun 06:00,Player Fouls Committed,Player Fouls Committed,Samed Bazdar,9,Samed Bazdar,1+,1+,1.33
Canada v Bosnia-Herzegovina,13 Jun 06:00,Player Fouls Committed,Player Fouls Committed,Nidal Celik,24,Nidal Celik,1+,1+,1.40
Canada v Bosnia-Herzegovina,13 Jun 06:00,Player Fouls Committed,Player Fouls Committed,Jonathan David,10,Jonathan David,1+,1+,1.44
Canada v Bosnia-Herzegovina,13 Jun 06:00,Player Fouls Committed,Player Fouls Committed,Jonathan Osorio,21,Jonathan Osorio,1+,1+,1.44
Canada v Bosnia-Herzegovina,13 Jun 06:00,Player Fouls Committed,Player Fouls Committed,Jovo Lukic,25,Jovo Lukic,1+,1+,1.44
Canada v Bosnia-Herzegovina,13 Jun 06:00,Player Fouls Committed,Player Fouls Committed,Moise Bombito,15,Moise Bombito,1+,1+,1.44
Canada v Bosnia-Herzegovina,13 Jun 06:00,Player Fouls Committed,Player Fouls Committed,Tarik Muharemovic,4,Tarik Muharemovic,1+,1+,1.44
Canada v Bosnia-Herzegovina,13 Jun 06:00,Player Fouls Committed,Player Fouls Committed,Amar Memic,15,Amar Memic,1+,1+,1.50
Canada v Bosnia-Herzegovina,13 Jun 06:00,Player Fouls Committed,Player Fouls Committed,Edin Dzeko,11,Edin Dzeko,1+,1+,1.50
Canada v Bosnia-Herzegovina,13 Jun 06:00,Player Fouls Committed,Player Fouls Committed,Niko Sigur,23,Niko Sigur,1+,1+,1.57
Canada v Bosnia-Herzegovina,13 Jun 06:00,Player Fouls Committed,Player Fouls Committed,Ivan Sunjic,14,Ivan Sunjic,2+,2+,1.36
Canada v Bosnia-Herzegovina,13 Jun 06:00,Player Fouls Committed,Player Fouls Committed,Nathan-Dylan Saliba,25,Nathan-Dylan Saliba,2+,2+,1.40
Canada v Bosnia-Herzegovina,13 Jun 06:00,Player Fouls Committed,Player Fouls Committed,Ermedin Demirovic,10,Ermedin Demirovic,2+,2+,1.50
Canada v Bosnia-Herzegovina,13 Jun 06:00,Player Fouls Committed,Player Fouls Committed,Haris Tabakovic,23,Haris Tabakovic,2+,2+,1.50
Canada v Bosnia-Herzegovina,13 Jun 06:00,Player Fouls Committed,Player Fouls Committed,Stephen Eustaquio,7,Stephen Eustaquio,2+,2+,1.50
Canada v Bosnia-Herzegovina,13 Jun 06:00,Player Fouls Committed,Player Fouls Committed,Benjamin Tahirovic,6,Benjamin Tahirovic,2+,2+,1.61
Canada v Bosnia-Herzegovina,13 Jun 06:00,Player Fouls Committed,Player Fouls Committed,Ivan Basic,13,Ivan Basic,2+,2+,1.61
Canada v Bosnia-Herzegovina,13 Jun 06:00,Player Fouls Committed,Player Fouls Committed,Sead Kolasinac,5,Sead Kolasinac,2+,2+,1.66
Canada v Bosnia-Herzegovina,13 Jun 06:00,Player Fouls Committed,Player Fouls Committed,Nikola Katic,18,Nikola Katic,2+,2+,1.72
Canada v Bosnia-Herzegovina,13 Jun 06:00,Player Fouls Committed,Player Fouls Committed,Tajon Buchanan,17,Tajon Buchanan,2+,2+,1.80
Canada v Bosnia-Herzegovina,13 Jun 06:00,Player Fouls Committed,Player Fouls Committed,Cyle Larin,9,Cyle Larin,2+,2+,1.83
Canada v Bosnia-Herzegovina,13 Jun 06:00,Player Fouls Committed,Player Fouls Committed,Dennis Hadzikadunic,3,Dennis Hadzikadunic,2+,2+,1.83
Canada v Bosnia-Herzegovina,13 Jun 06:00,Player Fouls Committed,Player Fouls Committed,Derek Cornelius,13,Derek Cornelius,2+,2+,1.83
Canada v Bosnia-Herzegovina,13 Jun 06:00,Player Fouls Committed,Player Fouls Committed,Ismael Kone,8,Ismael Kone,2+,2+,1.83
Canada v Bosnia-Herzegovina,13 Jun 06:00,Player Fouls Committed,Player Fouls Committed,Luc De Fougerolles,4,Luc De Fougerolles,2+,2+,1.83
Canada v Bosnia-Herzegovina,13 Jun 06:00,Player Fouls Committed,Player Fouls Committed,Richie Laryea,22,Richie Laryea,2+,2+,1.83
Canada v Bosnia-Herzegovina,13 Jun 06:00,Player Fouls Committed,Player Fouls Committed,Stjepan Radeljic,21,Stjepan Radeljic,2+,2+,1.83
Canada v Bosnia-Herzegovina,13 Jun 06:00,Player Fouls Committed,Player Fouls Committed,Ali Ahmed,20,Ali Ahmed,2+,2+,1.90
Canada v Bosnia-Herzegovina,13 Jun 06:00,Player Fouls Committed,Player Fouls Committed,Alistair Johnston,2,Alistair Johnston,2+,2+,2.00
Canada v Bosnia-Herzegovina,13 Jun 06:00,Player Fouls Committed,Player Fouls Committed,Armin Gigovic,8,Armin Gigovic,2+,2+,2.00
Canada v Bosnia-Herzegovina,13 Jun 06:00,Player Fouls Committed,Player Fouls Committed,Mathieu Choiniere,6,Mathieu Choiniere,2+,2+,2.00
Canada v Bosnia-Herzegovina,13 Jun 06:00,Player Fouls Committed,Player Fouls Committed,Amir Hadziahmetovic,16,Amir Hadziahmetovic,2+,2+,2.10
Canada v Bosnia-Herzegovina,13 Jun 06:00,Player Fouls Committed,Player Fouls Committed,Jacob Shaffelburg,14,Jacob Shaffelburg,2+,2+,2.10
Canada v Bosnia-Herzegovina,13 Jun 06:00,Player Fouls Committed,Player Fouls Committed,Jayden Nelson,26,Jayden Nelson,2+,2+,2.25
Canada v Bosnia-Herzegovina,13 Jun 06:00,Player Fouls Committed,Player Fouls Committed,Liam Millar,11,Liam Millar,2+,2+,2.25
Canada v Bosnia-Herzegovina,13 Jun 06:00,Player Fouls Committed,Player Fouls Committed,Nihad Mujakic,2,Nihad Mujakic,2+,2+,2.25
Canada v Bosnia-Herzegovina,13 Jun 06:00,Player Fouls Committed,Player Fouls Committed,Dzenis Burnic,17,Dzenis Burnic,2+,2+,2.37
Canada v Bosnia-Herzegovina,13 Jun 06:00,Player Fouls Committed,Player Fouls Committed,Ermin Mahmic,26,Ermin Mahmic,2+,2+,2.37
Canada v Bosnia-Herzegovina,13 Jun 06:00,Player Fouls Committed,Player Fouls Committed,Kerim Alajbegovic,19,Kerim Alajbegovic,2+,2+,2.37
Canada v Bosnia-Herzegovina,13 Jun 06:00,Player Fouls Committed,Player Fouls Committed,Tani Oluwaseyi,12,Tani Oluwaseyi,2+,2+,2.37
Canada v Bosnia-Herzegovina,13 Jun 06:00,Player Fouls Committed,Player Fouls Committed,Alfie Jones,3,Alfie Jones,2+,2+,2.62
Canada v Bosnia-Herzegovina,13 Jun 06:00,Player Fouls Committed,Player Fouls Committed,Amar Dedic,7,Amar Dedic,2+,2+,2.50
Canada v Bosnia-Herzegovina,13 Jun 06:00,Player Fouls Committed,Player Fouls Committed,Esmir Bajraktarevic,20,Esmir Bajraktarevic,2+,2+,2.50
Canada v Bosnia-Herzegovina,13 Jun 06:00,Player Fouls Committed,Player Fouls Committed,Joel Waterman,5,Joel Waterman,2+,2+,2.62
Canada v Bosnia-Herzegovina,13 Jun 06:00,Player Fouls Committed,Player Fouls Committed,Promise David,24,Promise David,2+,2+,2.62
Canada v Bosnia-Herzegovina,13 Jun 06:00,Player Fouls Committed,Player Fouls Committed,Samed Bazdar,9,Samed Bazdar,2+,2+,2.50
Canada v Bosnia-Herzegovina,13 Jun 06:00,Player Fouls Committed,Player Fouls Committed,Nidal Celik,24,Nidal Celik,2+,2+,2.75
Canada v Bosnia-Herzegovina,13 Jun 06:00,Player Fouls Committed,Player Fouls Committed,Jonathan David,10,Jonathan David,2+,2+,3.25
Canada v Bosnia-Herzegovina,13 Jun 06:00,Player Fouls Committed,Player Fouls Committed,Jonathan Osorio,21,Jonathan Osorio,2+,2+,3.25
Canada v Bosnia-Herzegovina,13 Jun 06:00,Player Fouls Committed,Player Fouls Committed,Jovo Lukic,25,Jovo Lukic,2+,2+,3.25
Canada v Bosnia-Herzegovina,13 Jun 06:00,Player Fouls Committed,Player Fouls Committed,Moise Bombito,15,Moise Bombito,2+,2+,3.00
Canada v Bosnia-Herzegovina,13 Jun 06:00,Player Fouls Committed,Player Fouls Committed,Tarik Muharemovic,4,Tarik Muharemovic,2+,2+,3.25
Canada v Bosnia-Herzegovina,13 Jun 06:00,Player Fouls Committed,Player Fouls Committed,Amar Memic,15,Amar Memic,2+,2+,3.40
Canada v Bosnia-Herzegovina,13 Jun 06:00,Player Fouls Committed,Player Fouls Committed,Edin Dzeko,11,Edin Dzeko,2+,2+,3.40
Canada v Bosnia-Herzegovina,13 Jun 06:00,Player Fouls Committed,Player Fouls Committed,Niko Sigur,23,Niko Sigur,2+,2+,3.75
Canada v Bosnia-Herzegovina,13 Jun 06:00,Player Fouls Committed,Player Fouls Committed,Ivan Sunjic,14,Ivan Sunjic,3+,3+,2.10
Canada v Bosnia-Herzegovina,13 Jun 06:00,Player Fouls Committed,Player Fouls Committed,Nathan-Dylan Saliba,25,Nathan-Dylan Saliba,3+,3+,2.20
Canada v Bosnia-Herzegovina,13 Jun 06:00,Player Fouls Committed,Player Fouls Committed,Ermedin Demirovic,10,Ermedin Demirovic,3+,3+,2.50
Canada v Bosnia-Herzegovina,13 Jun 06:00,Player Fouls Committed,Player Fouls Committed,Haris Tabakovic,23,Haris Tabakovic,3+,3+,2.50
Canada v Bosnia-Herzegovina,13 Jun 06:00,Player Fouls Committed,Player Fouls Committed,Stephen Eustaquio,7,Stephen Eustaquio,3+,3+,2.37
Canada v Bosnia-Herzegovina,13 Jun 06:00,Player Fouls Committed,Player Fouls Committed,Benjamin Tahirovic,6,Benjamin Tahirovic,3+,3+,2.75
Canada v Bosnia-Herzegovina,13 Jun 06:00,Player Fouls Committed,Player Fouls Committed,Ivan Basic,13,Ivan Basic,3+,3+,3.00
Canada v Bosnia-Herzegovina,13 Jun 06:00,Player Fouls Committed,Player Fouls Committed,Sead Kolasinac,5,Sead Kolasinac,3+,3+,3.00
Canada v Bosnia-Herzegovina,13 Jun 06:00,Player Fouls Committed,Player Fouls Committed,Nikola Katic,18,Nikola Katic,3+,3+,3.25
Canada v Bosnia-Herzegovina,13 Jun 06:00,Player Fouls Committed,Player Fouls Committed,Tajon Buchanan,17,Tajon Buchanan,3+,3+,3.40
Canada v Bosnia-Herzegovina,13 Jun 06:00,Player Fouls Committed,Player Fouls Committed,Cyle Larin,9,Cyle Larin,3+,3+,3.75
Canada v Bosnia-Herzegovina,13 Jun 06:00,Player Fouls Committed,Player Fouls Committed,Dennis Hadzikadunic,3,Dennis Hadzikadunic,3+,3+,3.75
Canada v Bosnia-Herzegovina,13 Jun 06:00,Player Fouls Committed,Player Fouls Committed,Derek Cornelius,13,Derek Cornelius,3+,3+,3.75
Canada v Bosnia-Herzegovina,13 Jun 06:00,Player Fouls Committed,Player Fouls Committed,Ismael Kone,8,Ismael Kone,3+,3+,3.75
Canada v Bosnia-Herzegovina,13 Jun 06:00,Player Fouls Committed,Player Fouls Committed,Luc De Fougerolles,4,Luc De Fougerolles,3+,3+,3.75
Canada v Bosnia-Herzegovina,13 Jun 06:00,Player Fouls Committed,Player Fouls Committed,Richie Laryea,22,Richie Laryea,3+,3+,3.75
Canada v Bosnia-Herzegovina,13 Jun 06:00,Player Fouls Committed,Player Fouls Committed,Stjepan Radeljic,21,Stjepan Radeljic,3+,3+,3.75
Canada v Bosnia-Herzegovina,13 Jun 06:00,Player Fouls Committed,Player Fouls Committed,Ali Ahmed,20,Ali Ahmed,3+,3+,3.75
Canada v Bosnia-Herzegovina,13 Jun 06:00,Player Fouls Committed,Player Fouls Committed,Alistair Johnston,2,Alistair Johnston,3+,3+,4.00
Canada v Bosnia-Herzegovina,13 Jun 06:00,Player Fouls Committed,Player Fouls Committed,Armin Gigovic,8,Armin Gigovic,3+,3+,4.33
Canada v Bosnia-Herzegovina,13 Jun 06:00,Player Fouls Committed,Player Fouls Committed,Mathieu Choiniere,6,Mathieu Choiniere,3+,3+,4.00
Canada v Bosnia-Herzegovina,13 Jun 06:00,Player Fouls Committed,Player Fouls Committed,Amir Hadziahmetovic,16,Amir Hadziahmetovic,3+,3+,4.50
Canada v Bosnia-Herzegovina,13 Jun 06:00,Player Fouls Committed,Player Fouls Committed,Jacob Shaffelburg,14,Jacob Shaffelburg,3+,3+,4.33
Canada v Bosnia-Herzegovina,13 Jun 06:00,Player Fouls Committed,Player Fouls Committed,Jayden Nelson,26,Jayden Nelson,3+,3+,5.00
Canada v Bosnia-Herzegovina,13 Jun 06:00,Player Fouls Committed,Player Fouls Committed,Liam Millar,11,Liam Millar,3+,3+,5.00
Canada v Bosnia-Herzegovina,13 Jun 06:00,Player Fouls Committed,Player Fouls Committed,Nihad Mujakic,2,Nihad Mujakic,3+,3+,5.00
Canada v Bosnia-Herzegovina,13 Jun 06:00,Player Fouls Committed,Player Fouls Committed,Dzenis Burnic,17,Dzenis Burnic,3+,3+,5.50
Canada v Bosnia-Herzegovina,13 Jun 06:00,Player Fouls Committed,Player Fouls Committed,Ermin Mahmic,26,Ermin Mahmic,3+,3+,5.50
Canada v Bosnia-Herzegovina,13 Jun 06:00,Player Fouls Committed,Player Fouls Committed,Kerim Alajbegovic,19,Kerim Alajbegovic,3+,3+,5.50
Canada v Bosnia-Herzegovina,13 Jun 06:00,Player Fouls Committed,Player Fouls Committed,Tani Oluwaseyi,12,Tani Oluwaseyi,3+,3+,5.50
Canada v Bosnia-Herzegovina,13 Jun 06:00,Player Fouls Committed,Player Fouls Committed,Alfie Jones,3,Alfie Jones,3+,3+,6.00
Canada v Bosnia-Herzegovina,13 Jun 06:00,Player Fouls Committed,Player Fouls Committed,Amar Dedic,7,Amar Dedic,3+,3+,6.00
Canada v Bosnia-Herzegovina,13 Jun 06:00,Player Fouls Committed,Player Fouls Committed,Esmir Bajraktarevic,20,Esmir Bajraktarevic,3+,3+,6.00
Canada v Bosnia-Herzegovina,13 Jun 06:00,Player Fouls Committed,Player Fouls Committed,Joel Waterman,5,Joel Waterman,3+,3+,6.00
Canada v Bosnia-Herzegovina,13 Jun 06:00,Player Fouls Committed,Player Fouls Committed,Promise David,24,Promise David,3+,3+,6.00
Canada v Bosnia-Herzegovina,13 Jun 06:00,Player Fouls Committed,Player Fouls Committed,Samed Bazdar,9,Samed Bazdar,3+,3+,6.00
Canada v Bosnia-Herzegovina,13 Jun 06:00,Player Fouls Committed,Player Fouls Committed,Nidal Celik,24,Nidal Celik,3+,3+,7.00
Canada v Bosnia-Herzegovina,13 Jun 06:00,Player Fouls Committed,Player Fouls Committed,Jonathan David,10,Jonathan David,3+,3+,8.00
Canada v Bosnia-Herzegovina,13 Jun 06:00,Player Fouls Committed,Player Fouls Committed,Jonathan Osorio,21,Jonathan Osorio,3+,3+,8.00
Canada v Bosnia-Herzegovina,13 Jun 06:00,Player Fouls Committed,Player Fouls Committed,Jovo Lukic,25,Jovo Lukic,3+,3+,8.00
Canada v Bosnia-Herzegovina,13 Jun 06:00,Player Fouls Committed,Player Fouls Committed,Moise Bombito,15,Moise Bombito,3+,3+,8.00
Canada v Bosnia-Herzegovina,13 Jun 06:00,Player Fouls Committed,Player Fouls Committed,Tarik Muharemovic,4,Tarik Muharemovic,3+,3+,8.00
Canada v Bosnia-Herzegovina,13 Jun 06:00,Player Fouls Committed,Player Fouls Committed,Amar Memic,15,Amar Memic,3+,3+,10.00
Canada v Bosnia-Herzegovina,13 Jun 06:00,Player Fouls Committed,Player Fouls Committed,Edin Dzeko,11,Edin Dzeko,3+,3+,9.00
Canada v Bosnia-Herzegovina,13 Jun 06:00,Player Fouls Committed,Player Fouls Committed,Niko Sigur,23,Niko Sigur,3+,3+,11.00
Canada v Bosnia-Herzegovina,13 Jun 06:00,Player Fouls Committed,Player Fouls Committed,Ivan Sunjic,14,Ivan Sunjic,4+,4+,3.75
Canada v Bosnia-Herzegovina,13 Jun 06:00,Player Fouls Committed,Player Fouls Committed,Nathan-Dylan Saliba,25,Nathan-Dylan Saliba,4+,4+,4.00
Canada v Bosnia-Herzegovina,13 Jun 06:00,Player Fouls Committed,Player Fouls Committed,Ermedin Demirovic,10,Ermedin Demirovic,4+,4+,5.00
Canada v Bosnia-Herzegovina,13 Jun 06:00,Player Fouls Committed,Player Fouls Committed,Haris Tabakovic,23,Haris Tabakovic,4+,4+,5.00
Canada v Bosnia-Herzegovina,13 Jun 06:00,Player Fouls Committed,Player Fouls Committed,Stephen Eustaquio,7,Stephen Eustaquio,4+,4+,4.50
Canada v Bosnia-Herzegovina,13 Jun 06:00,Player Fouls Committed,Player Fouls Committed,Benjamin Tahirovic,6,Benjamin Tahirovic,4+,4+,6.00
Canada v Bosnia-Herzegovina,13 Jun 06:00,Player Fouls Committed,Player Fouls Committed,Ivan Basic,13,Ivan Basic,4+,4+,6.00
Canada v Bosnia-Herzegovina,13 Jun 06:00,Player Fouls Committed,Player Fouls Committed,Sead Kolasinac,5,Sead Kolasinac,4+,4+,6.50
Canada v Bosnia-Herzegovina,13 Jun 06:00,Player Fouls Committed,Player Fouls Committed,Nikola Katic,18,Nikola Katic,4+,4+,7.00
Canada v Bosnia-Herzegovina,13 Jun 06:00,Player Fouls Committed,Player Fouls Committed,Tajon Buchanan,17,Tajon Buchanan,4+,4+,8.00
Canada v Bosnia-Herzegovina,13 Jun 06:00,Player Fouls Committed,Player Fouls Committed,Cyle Larin,9,Cyle Larin,4+,4+,8.00
Canada v Bosnia-Herzegovina,13 Jun 06:00,Player Fouls Committed,Player Fouls Committed,Dennis Hadzikadunic,3,Dennis Hadzikadunic,4+,4+,9.00
Canada v Bosnia-Herzegovina,13 Jun 06:00,Player Fouls Committed,Player Fouls Committed,Derek Cornelius,13,Derek Cornelius,4+,4+,8.00
Canada v Bosnia-Herzegovina,13 Jun 06:00,Player Fouls Committed,Player Fouls Committed,Ismael Kone,8,Ismael Kone,4+,4+,8.00
Canada v Bosnia-Herzegovina,13 Jun 06:00,Player Fouls Committed,Player Fouls Committed,Luc De Fougerolles,4,Luc De Fougerolles,4+,4+,8.00
Canada v Bosnia-Herzegovina,13 Jun 06:00,Player Fouls Committed,Player Fouls Committed,Richie Laryea,22,Richie Laryea,4+,4+,8.00
Canada v Bosnia-Herzegovina,13 Jun 06:00,Player Fouls Committed,Player Fouls Committed,Stjepan Radeljic,21,Stjepan Radeljic,4+,4+,9.00
Canada v Bosnia-Herzegovina,13 Jun 06:00,Player Fouls Committed,Player Fouls Committed,Ali Ahmed,20,Ali Ahmed,4+,4+,9.00
Canada v Bosnia-Herzegovina,13 Jun 06:00,Player Fouls Committed,Player Fouls Committed,Alistair Johnston,2,Alistair Johnston,4+,4+,10.00
Canada v Bosnia-Herzegovina,13 Jun 06:00,Player Fouls Committed,Player Fouls Committed,Armin Gigovic,8,Armin Gigovic,4+,4+,10.00
Canada v Bosnia-Herzegovina,13 Jun 06:00,Player Fouls Committed,Player Fouls Committed,Mathieu Choiniere,6,Mathieu Choiniere,4+,4+,10.00
Canada v Bosnia-Herzegovina,13 Jun 06:00,Player Fouls Committed,Player Fouls Committed,Amir Hadziahmetovic,16,Amir Hadziahmetovic,4+,4+,11.00
Canada v Bosnia-Herzegovina,13 Jun 06:00,Player Fouls Committed,Player Fouls Committed,Jacob Shaffelburg,14,Jacob Shaffelburg,4+,4+,11.00
Canada v Bosnia-Herzegovina,13 Jun 06:00,Player Fouls Committed,Player Fouls Committed,Jayden Nelson,26,Jayden Nelson,4+,4+,13.00
Canada v Bosnia-Herzegovina,13 Jun 06:00,Player Fouls Committed,Player Fouls Committed,Liam Millar,11,Liam Millar,4+,4+,13.00
Canada v Bosnia-Herzegovina,13 Jun 06:00,Player Fouls Committed,Player Fouls Committed,Nihad Mujakic,2,Nihad Mujakic,4+,4+,13.00
Canada v Bosnia-Herzegovina,13 Jun 06:00,Player Fouls Committed,Player Fouls Committed,Dzenis Burnic,17,Dzenis Burnic,4+,4+,15.00
Canada v Bosnia-Herzegovina,13 Jun 06:00,Player Fouls Committed,Player Fouls Committed,Ermin Mahmic,26,Ermin Mahmic,4+,4+,15.00
Canada v Bosnia-Herzegovina,13 Jun 06:00,Player Fouls Committed,Player Fouls Committed,Kerim Alajbegovic,19,Kerim Alajbegovic,4+,4+,15.00
Canada v Bosnia-Herzegovina,13 Jun 06:00,Player Fouls Committed,Player Fouls Committed,Tani Oluwaseyi,12,Tani Oluwaseyi,4+,4+,15.00
Canada v Bosnia-Herzegovina,13 Jun 06:00,Player Fouls Committed,Player Fouls Committed,Alfie Jones,3,Alfie Jones,4+,4+,17.00
Canada v Bosnia-Herzegovina,13 Jun 06:00,Player Fouls Committed,Player Fouls Committed,Amar Dedic,7,Amar Dedic,4+,4+,15.00
Canada v Bosnia-Herzegovina,13 Jun 06:00,Player Fouls Committed,Player Fouls Committed,Esmir Bajraktarevic,20,Esmir Bajraktarevic,4+,4+,15.00
Canada v Bosnia-Herzegovina,13 Jun 06:00,Player Fouls Committed,Player Fouls Committed,Joel Waterman,5,Joel Waterman,4+,4+,17.00
Canada v Bosnia-Herzegovina,13 Jun 06:00,Player Fouls Committed,Player Fouls Committed,Promise David,24,Promise David,4+,4+,17.00
Canada v Bosnia-Herzegovina,13 Jun 06:00,Player Fouls Committed,Player Fouls Committed,Samed Bazdar,9,Samed Bazdar,4+,4+,15.00
Canada v Bosnia-Herzegovina,13 Jun 06:00,Player Fouls Committed,Player Fouls Committed,Nidal Celik,24,Nidal Celik,4+,4+,19.00
Canada v Bosnia-Herzegovina,13 Jun 06:00,Player Fouls Committed,Player Fouls Committed,Jonathan David,10,Jonathan David,4+,4+,21.00
Canada v Bosnia-Herzegovina,13 Jun 06:00,Player Fouls Committed,Player Fouls Committed,Jonathan Osorio,21,Jonathan Osorio,4+,4+,21.00
Canada v Bosnia-Herzegovina,13 Jun 06:00,Player Fouls Committed,Player Fouls Committed,Jovo Lukic,25,Jovo Lukic,4+,4+,21.00
Canada v Bosnia-Herzegovina,13 Jun 06:00,Player Fouls Committed,Player Fouls Committed,Moise Bombito,15,Moise Bombito,4+,4+,21.00
Canada v Bosnia-Herzegovina,13 Jun 06:00,Player Fouls Committed,Player Fouls Committed,Tarik Muharemovic,4,Tarik Muharemovic,4+,4+,21.00
Canada v Bosnia-Herzegovina,13 Jun 06:00,Player Fouls Committed,Player Fouls Committed,Amar Memic,15,Amar Memic,4+,4+,26.00
Canada v Bosnia-Herzegovina,13 Jun 06:00,Player Fouls Committed,Player Fouls Committed,Edin Dzeko,11,Edin Dzeko,4+,4+,23.00
Canada v Bosnia-Herzegovina,13 Jun 06:00,Player Fouls Committed,Player Fouls Committed,Ivan Sunjic,14,Ivan Sunjic,5+,5+,8.00
Canada v Bosnia-Herzegovina,13 Jun 06:00,Player Fouls Committed,Player Fouls Committed,Nathan-Dylan Saliba,25,Nathan-Dylan Saliba,5+,5+,9.00
Canada v Bosnia-Herzegovina,13 Jun 06:00,Player Fouls Committed,Player Fouls Committed,Ermedin Demirovic,10,Ermedin Demirovic,5+,5+,11.00
Canada v Bosnia-Herzegovina,13 Jun 06:00,Player Fouls Committed,Player Fouls Committed,Haris Tabakovic,23,Haris Tabakovic,5+,5+,11.00
Canada v Bosnia-Herzegovina,13 Jun 06:00,Player Fouls Committed,Player Fouls Committed,Stephen Eustaquio,7,Stephen Eustaquio,5+,5+,10.00
Canada v Bosnia-Herzegovina,13 Jun 06:00,Player Fouls Committed,Player Fouls Committed,Benjamin Tahirovic,6,Benjamin Tahirovic,5+,5+,13.00
Canada v Bosnia-Herzegovina,13 Jun 06:00,Player Fouls Committed,Player Fouls Committed,Ivan Basic,13,Ivan Basic,5+,5+,15.00
Canada v Bosnia-Herzegovina,13 Jun 06:00,Player Fouls Committed,Player Fouls Committed,Sead Kolasinac,5,Sead Kolasinac,5+,5+,15.00
Canada v Bosnia-Herzegovina,13 Jun 06:00,Player Fouls Committed,Player Fouls Committed,Nikola Katic,18,Nikola Katic,5+,5+,17.00
Canada v Bosnia-Herzegovina,13 Jun 06:00,Player Fouls Committed,Player Fouls Committed,Tajon Buchanan,17,Tajon Buchanan,5+,5+,19.00
Canada v Bosnia-Herzegovina,13 Jun 06:00,Player Fouls Committed,Player Fouls Committed,Cyle Larin,9,Cyle Larin,5+,5+,19.00
Canada v Bosnia-Herzegovina,13 Jun 06:00,Player Fouls Committed,Player Fouls Committed,Dennis Hadzikadunic,3,Dennis Hadzikadunic,5+,5+,19.00
Canada v Bosnia-Herzegovina,13 Jun 06:00,Player Fouls Committed,Player Fouls Committed,Derek Cornelius,13,Derek Cornelius,5+,5+,19.00
Canada v Bosnia-Herzegovina,13 Jun 06:00,Player Fouls Committed,Player Fouls Committed,Ismael Kone,8,Ismael Kone,5+,5+,19.00
Canada v Bosnia-Herzegovina,13 Jun 06:00,Player Fouls Committed,Player Fouls Committed,Luc De Fougerolles,4,Luc De Fougerolles,5+,5+,19.00
Canada v Bosnia-Herzegovina,13 Jun 06:00,Player Fouls Committed,Player Fouls Committed,Richie Laryea,22,Richie Laryea,5+,5+,19.00
Canada v Bosnia-Herzegovina,13 Jun 06:00,Player Fouls Committed,Player Fouls Committed,Stjepan Radeljic,21,Stjepan Radeljic,5+,5+,19.00
Canada v Bosnia-Herzegovina,13 Jun 06:00,Player Fouls Committed,Player Fouls Committed,Ali Ahmed,20,Ali Ahmed,5+,5+,21.00
Canada v Bosnia-Herzegovina,13 Jun 06:00,Player Fouls Committed,Player Fouls Committed,Alistair Johnston,2,Alistair Johnston,5+,5+,23.00
Canada v Bosnia-Herzegovina,13 Jun 06:00,Player Fouls Committed,Player Fouls Committed,Armin Gigovic,8,Armin Gigovic,5+,5+,23.00
Canada v Bosnia-Herzegovina,13 Jun 06:00,Player Fouls Committed,Player Fouls Committed,Mathieu Choiniere,6,Mathieu Choiniere,5+,5+,23.00
Canada v Bosnia-Herzegovina,13 Jun 06:00,Player Fouls Committed,Player Fouls Committed,Amir Hadziahmetovic,16,Amir Hadziahmetovic,5+,5+,26.00
Canada v Bosnia-Herzegovina,13 Jun 06:00,Player Fouls Committed,Player Fouls Committed,Jacob Shaffelburg,14,Jacob Shaffelburg,5+,5+,26.00
Canada v Bosnia-Herzegovina,13 Jun 06:00,Player Fouls Committed,Player Fouls Committed,Ivan Sunjic,14,Ivan Sunjic,6+,6+,17.00
Canada v Bosnia-Herzegovina,13 Jun 06:00,Player Fouls Committed,Player Fouls Committed,Nathan-Dylan Saliba,25,Nathan-Dylan Saliba,6+,6+,19.00
Canada v Bosnia-Herzegovina,13 Jun 06:00,Player Fouls Committed,Player Fouls Committed,Ermedin Demirovic,10,Ermedin Demirovic,6+,6+,23.00
Canada v Bosnia-Herzegovina,13 Jun 06:00,Player Fouls Committed,Player Fouls Committed,Haris Tabakovic,23,Haris Tabakovic,6+,6+,23.00
Canada v Bosnia-Herzegovina,13 Jun 06:00,Player Fouls Committed,Player Fouls Committed,Stephen Eustaquio,7,Stephen Eustaquio,6+,6+,21.00
Canada v Bosnia-Herzegovina,13 Jun 06:00,Player to be Fouled,Player to be Fouled,Richie Laryea,22,Richie Laryea,1+,1+,1.015
Canada v Bosnia-Herzegovina,13 Jun 06:00,Player to be Fouled,Player to be Fouled,Jonathan David,10,Jonathan David,1+,1+,1.083
Canada v Bosnia-Herzegovina,13 Jun 06:00,Player to be Fouled,Player to be Fouled,Kerim Alajbegovic,19,Kerim Alajbegovic,1+,1+,1.11
Canada v Bosnia-Herzegovina,13 Jun 06:00,Player to be Fouled,Player to be Fouled,Edin Dzeko,11,Edin Dzeko,1+,1+,1.12
Canada v Bosnia-Herzegovina,13 Jun 06:00,Player to be Fouled,Player to be Fouled,Tajon Buchanan,17,Tajon Buchanan,1+,1+,1.12
Canada v Bosnia-Herzegovina,13 Jun 06:00,Player to be Fouled,Player to be Fouled,Ali Ahmed,20,Ali Ahmed,1+,1+,1.14
Canada v Bosnia-Herzegovina,13 Jun 06:00,Player to be Fouled,Player to be Fouled,Esmir Bajraktarevic,20,Esmir Bajraktarevic,1+,1+,1.14
Canada v Bosnia-Herzegovina,13 Jun 06:00,Player to be Fouled,Player to be Fouled,Ismael Kone,8,Ismael Kone,1+,1+,1.14
Canada v Bosnia-Herzegovina,13 Jun 06:00,Player to be Fouled,Player to be Fouled,Promise David,24,Promise David,1+,1+,1.14
Canada v Bosnia-Herzegovina,13 Jun 06:00,Player to be Fouled,Player to be Fouled,Samed Bazdar,9,Samed Bazdar,1+,1+,1.14
Canada v Bosnia-Herzegovina,13 Jun 06:00,Player to be Fouled,Player to be Fouled,Luc De Fougerolles,4,Luc De Fougerolles,1+,1+,1.16
Canada v Bosnia-Herzegovina,13 Jun 06:00,Player to be Fouled,Player to be Fouled,Stephen Eustaquio,7,Stephen Eustaquio,1+,1+,1.16
Canada v Bosnia-Herzegovina,13 Jun 06:00,Player to be Fouled,Player to be Fouled,Armin Gigovic,8,Armin Gigovic,1+,1+,1.20
Canada v Bosnia-Herzegovina,13 Jun 06:00,Player to be Fouled,Player to be Fouled,Jayden Nelson,26,Jayden Nelson,1+,1+,1.22
Canada v Bosnia-Herzegovina,13 Jun 06:00,Player to be Fouled,Player to be Fouled,Tani Oluwaseyi,12,Tani Oluwaseyi,1+,1+,1.22
Canada v Bosnia-Herzegovina,13 Jun 06:00,Player to be Fouled,Player to be Fouled,Amar Dedic,7,Amar Dedic,1+,1+,1.25
Canada v Bosnia-Herzegovina,13 Jun 06:00,Player to be Fouled,Player to be Fouled,Haris Tabakovic,23,Haris Tabakovic,1+,1+,1.25
Canada v Bosnia-Herzegovina,13 Jun 06:00,Player to be Fouled,Player to be Fouled,Ivan Basic,13,Ivan Basic,1+,1+,1.25
Canada v Bosnia-Herzegovina,13 Jun 06:00,Player to be Fouled,Player to be Fouled,Ermedin Demirovic,10,Ermedin Demirovic,1+,1+,1.28
Canada v Bosnia-Herzegovina,13 Jun 06:00,Player to be Fouled,Player to be Fouled,Joel Waterman,5,Joel Waterman,1+,1+,1.30
Canada v Bosnia-Herzegovina,13 Jun 06:00,Player to be Fouled,Player to be Fouled,Liam Millar,11,Liam Millar,1+,1+,1.30
Canada v Bosnia-Herzegovina,13 Jun 06:00,Player to be Fouled,Player to be Fouled,Amir Hadziahmetovic,16,Amir Hadziahmetovic,1+,1+,1.33
Canada v Bosnia-Herzegovina,13 Jun 06:00,Player to be Fouled,Player to be Fouled,Derek Cornelius,13,Derek Cornelius,1+,1+,1.33
Canada v Bosnia-Herzegovina,13 Jun 06:00,Player to be Fouled,Player to be Fouled,Ermin Mahmic,26,Ermin Mahmic,1+,1+,1.33
Canada v Bosnia-Herzegovina,13 Jun 06:00,Player to be Fouled,Player to be Fouled,Mathieu Choiniere,6,Mathieu Choiniere,1+,1+,1.33
Canada v Bosnia-Herzegovina,13 Jun 06:00,Player to be Fouled,Player to be Fouled,Niko Sigur,23,Niko Sigur,1+,1+,1.33
Canada v Bosnia-Herzegovina,13 Jun 06:00,Player to be Fouled,Player to be Fouled,Benjamin Tahirovic,6,Benjamin Tahirovic,1+,1+,1.36
Canada v Bosnia-Herzegovina,13 Jun 06:00,Player to be Fouled,Player to be Fouled,Cyle Larin,9,Cyle Larin,1+,1+,1.36
Canada v Bosnia-Herzegovina,13 Jun 06:00,Player to be Fouled,Player to be Fouled,Jacob Shaffelburg,14,Jacob Shaffelburg,1+,1+,1.36
Canada v Bosnia-Herzegovina,13 Jun 06:00,Player to be Fouled,Player to be Fouled,Jovo Lukic,25,Jovo Lukic,1+,1+,1.36
Canada v Bosnia-Herzegovina,13 Jun 06:00,Player to be Fouled,Player to be Fouled,Nathan-Dylan Saliba,25,Nathan-Dylan Saliba,1+,1+,1.36
Canada v Bosnia-Herzegovina,13 Jun 06:00,Player to be Fouled,Player to be Fouled,Nikola Katic,18,Nikola Katic,1+,1+,1.36
Canada v Bosnia-Herzegovina,13 Jun 06:00,Player to be Fouled,Player to be Fouled,Amar Memic,15,Amar Memic,1+,1+,1.40
Canada v Bosnia-Herzegovina,13 Jun 06:00,Player to be Fouled,Player to be Fouled,Dzenis Burnic,17,Dzenis Burnic,1+,1+,1.44
Canada v Bosnia-Herzegovina,13 Jun 06:00,Player to be Fouled,Player to be Fouled,Alistair Johnston,2,Alistair Johnston,1+,1+,1.50
Canada v Bosnia-Herzegovina,13 Jun 06:00,Player to be Fouled,Player to be Fouled,Sead Kolasinac,5,Sead Kolasinac,1+,1+,1.50
Canada v Bosnia-Herzegovina,13 Jun 06:00,Player to be Fouled,Player to be Fouled,Alfie Jones,3,Alfie Jones,1+,1+,1.57
Canada v Bosnia-Herzegovina,13 Jun 06:00,Player to be Fouled,Player to be Fouled,Ivan Sunjic,14,Ivan Sunjic,1+,1+,1.57
Canada v Bosnia-Herzegovina,13 Jun 06:00,Player to be Fouled,Player to be Fouled,Jonathan Osorio,21,Jonathan Osorio,1+,1+,1.57
Canada v Bosnia-Herzegovina,13 Jun 06:00,Player to be Fouled,Player to be Fouled,Nidal Celik,24,Nidal Celik,1+,1+,1.61
Canada v Bosnia-Herzegovina,13 Jun 06:00,Player to be Fouled,Player to be Fouled,Dennis Hadzikadunic,3,Dennis Hadzikadunic,1+,1+,1.66
Canada v Bosnia-Herzegovina,13 Jun 06:00,Player to be Fouled,Player to be Fouled,Tarik Muharemovic,4,Tarik Muharemovic,1+,1+,1.72
Canada v Bosnia-Herzegovina,13 Jun 06:00,Player to be Fouled,Player to be Fouled,Nihad Mujakic,2,Nihad Mujakic,1+,1+,1.83
Canada v Bosnia-Herzegovina,13 Jun 06:00,Player to be Fouled,Player to be Fouled,Stjepan Radeljic,21,Stjepan Radeljic,1+,1+,1.83
Canada v Bosnia-Herzegovina,13 Jun 06:00,Player to be Fouled,Player to be Fouled,Moise Bombito,15,Moise Bombito,1+,1+,2.10
Canada v Bosnia-Herzegovina,13 Jun 06:00,Player to be Fouled,Player to be Fouled,Richie Laryea,22,Richie Laryea,2+,2+,1.11
Canada v Bosnia-Herzegovina,13 Jun 06:00,Player to be Fouled,Player to be Fouled,Jonathan David,10,Jonathan David,2+,2+,1.40
Canada v Bosnia-Herzegovina,13 Jun 06:00,Player to be Fouled,Player to be Fouled,Kerim Alajbegovic,19,Kerim Alajbegovic,2+,2+,1.53
Canada v Bosnia-Herzegovina,13 Jun 06:00,Player to be Fouled,Player to be Fouled,Edin Dzeko,11,Edin Dzeko,2+,2+,1.61
Canada v Bosnia-Herzegovina,13 Jun 06:00,Player to be Fouled,Player to be Fouled,Tajon Buchanan,17,Tajon Buchanan,2+,2+,1.57
Canada v Bosnia-Herzegovina,13 Jun 06:00,Player to be Fouled,Player to be Fouled,Ali Ahmed,20,Ali Ahmed,2+,2+,1.66
Canada v Bosnia-Herzegovina,13 Jun 06:00,Player to be Fouled,Player to be Fouled,Esmir Bajraktarevic,20,Esmir Bajraktarevic,2+,2+,1.66
Canada v Bosnia-Herzegovina,13 Jun 06:00,Player to be Fouled,Player to be Fouled,Ismael Kone,8,Ismael Kone,2+,2+,1.72
Canada v Bosnia-Herzegovina,13 Jun 06:00,Player to be Fouled,Player to be Fouled,Promise David,24,Promise David,2+,2+,1.66
Canada v Bosnia-Herzegovina,13 Jun 06:00,Player to be Fouled,Player to be Fouled,Samed Bazdar,9,Samed Bazdar,2+,2+,1.72
Canada v Bosnia-Herzegovina,13 Jun 06:00,Player to be Fouled,Player to be Fouled,Luc De Fougerolles,4,Luc De Fougerolles,2+,2+,1.80
Canada v Bosnia-Herzegovina,13 Jun 06:00,Player to be Fouled,Player to be Fouled,Stephen Eustaquio,7,Stephen Eustaquio,2+,2+,1.72
Canada v Bosnia-Herzegovina,13 Jun 06:00,Player to be Fouled,Player to be Fouled,Armin Gigovic,8,Armin Gigovic,2+,2+,1.90
Canada v Bosnia-Herzegovina,13 Jun 06:00,Player to be Fouled,Player to be Fouled,Jayden Nelson,26,Jayden Nelson,2+,2+,2.00
Canada v Bosnia-Herzegovina,13 Jun 06:00,Player to be Fouled,Player to be Fouled,Tani Oluwaseyi,12,Tani Oluwaseyi,2+,2+,2.00
Canada v Bosnia-Herzegovina,13 Jun 06:00,Player to be Fouled,Player to be Fouled,Amar Dedic,7,Amar Dedic,2+,2+,2.10
Canada v Bosnia-Herzegovina,13 Jun 06:00,Player to be Fouled,Player to be Fouled,Haris Tabakovic,23,Haris Tabakovic,2+,2+,2.20
Canada v Bosnia-Herzegovina,13 Jun 06:00,Player to be Fouled,Player to be Fouled,Ivan Basic,13,Ivan Basic,2+,2+,2.20
Canada v Bosnia-Herzegovina,13 Jun 06:00,Player to be Fouled,Player to be Fouled,Ermedin Demirovic,10,Ermedin Demirovic,2+,2+,2.25
Canada v Bosnia-Herzegovina,13 Jun 06:00,Player to be Fouled,Player to be Fouled,Joel Waterman,5,Joel Waterman,2+,2+,2.37
Canada v Bosnia-Herzegovina,13 Jun 06:00,Player to be Fouled,Player to be Fouled,Liam Millar,11,Liam Millar,2+,2+,2.37
Canada v Bosnia-Herzegovina,13 Jun 06:00,Player to be Fouled,Player to be Fouled,Amir Hadziahmetovic,16,Amir Hadziahmetovic,2+,2+,2.50
Canada v Bosnia-Herzegovina,13 Jun 06:00,Player to be Fouled,Player to be Fouled,Derek Cornelius,13,Derek Cornelius,2+,2+,2.50
Canada v Bosnia-Herzegovina,13 Jun 06:00,Player to be Fouled,Player to be Fouled,Ermin Mahmic,26,Ermin Mahmic,2+,2+,2.62
Canada v Bosnia-Herzegovina,13 Jun 06:00,Player to be Fouled,Player to be Fouled,Mathieu Choiniere,6,Mathieu Choiniere,2+,2+,2.50
Canada v Bosnia-Herzegovina,13 Jun 06:00,Player to be Fouled,Player to be Fouled,Niko Sigur,23,Niko Sigur,2+,2+,2.50
Canada v Bosnia-Herzegovina,13 Jun 06:00,Player to be Fouled,Player to be Fouled,Benjamin Tahirovic,6,Benjamin Tahirovic,2+,2+,2.62
Canada v Bosnia-Herzegovina,13 Jun 06:00,Player to be Fouled,Player to be Fouled,Cyle Larin,9,Cyle Larin,2+,2+,2.62
Canada v Bosnia-Herzegovina,13 Jun 06:00,Player to be Fouled,Player to be Fouled,Jacob Shaffelburg,14,Jacob Shaffelburg,2+,2+,2.62
Canada v Bosnia-Herzegovina,13 Jun 06:00,Player to be Fouled,Player to be Fouled,Jovo Lukic,25,Jovo Lukic,2+,2+,2.62
Canada v Bosnia-Herzegovina,13 Jun 06:00,Player to be Fouled,Player to be Fouled,Nathan-Dylan Saliba,25,Nathan-Dylan Saliba,2+,2+,2.62
Canada v Bosnia-Herzegovina,13 Jun 06:00,Player to be Fouled,Player to be Fouled,Nikola Katic,18,Nikola Katic,2+,2+,2.62
Canada v Bosnia-Herzegovina,13 Jun 06:00,Player to be Fouled,Player to be Fouled,Amar Memic,15,Amar Memic,2+,2+,2.75
Canada v Bosnia-Herzegovina,13 Jun 06:00,Player to be Fouled,Player to be Fouled,Dzenis Burnic,17,Dzenis Burnic,2+,2+,3.25
Canada v Bosnia-Herzegovina,13 Jun 06:00,Player to be Fouled,Player to be Fouled,Alistair Johnston,2,Alistair Johnston,2+,2+,3.40
Canada v Bosnia-Herzegovina,13 Jun 06:00,Player to be Fouled,Player to be Fouled,Sead Kolasinac,5,Sead Kolasinac,2+,2+,3.40
Canada v Bosnia-Herzegovina,13 Jun 06:00,Player to be Fouled,Player to be Fouled,Alfie Jones,3,Alfie Jones,2+,2+,3.50
Canada v Bosnia-Herzegovina,13 Jun 06:00,Player to be Fouled,Player to be Fouled,Ivan Sunjic,14,Ivan Sunjic,2+,2+,3.50
Canada v Bosnia-Herzegovina,13 Jun 06:00,Player to be Fouled,Player to be Fouled,Jonathan Osorio,21,Jonathan Osorio,2+,2+,3.50
Canada v Bosnia-Herzegovina,13 Jun 06:00,Player to be Fouled,Player to be Fouled,Nidal Celik,24,Nidal Celik,2+,2+,3.75
Canada v Bosnia-Herzegovina,13 Jun 06:00,Player to be Fouled,Player to be Fouled,Dennis Hadzikadunic,3,Dennis Hadzikadunic,2+,2+,4.33
Canada v Bosnia-Herzegovina,13 Jun 06:00,Player to be Fouled,Player to be Fouled,Tarik Muharemovic,4,Tarik Muharemovic,2+,2+,4.50
Canada v Bosnia-Herzegovina,13 Jun 06:00,Player to be Fouled,Player to be Fouled,Nihad Mujakic,2,Nihad Mujakic,2+,2+,5.50
Canada v Bosnia-Herzegovina,13 Jun 06:00,Player to be Fouled,Player to be Fouled,Stjepan Radeljic,21,Stjepan Radeljic,2+,2+,5.50
Canada v Bosnia-Herzegovina,13 Jun 06:00,Player to be Fouled,Player to be Fouled,Moise Bombito,15,Moise Bombito,2+,2+,7.00
Canada v Bosnia-Herzegovina,13 Jun 06:00,Player to be Fouled,Player to be Fouled,Richie Laryea,22,Richie Laryea,3+,3+,1.36
Canada v Bosnia-Herzegovina,13 Jun 06:00,Player to be Fouled,Player to be Fouled,Jonathan David,10,Jonathan David,3+,3+,2.20
Canada v Bosnia-Herzegovina,13 Jun 06:00,Player to be Fouled,Player to be Fouled,Kerim Alajbegovic,19,Kerim Alajbegovic,3+,3+,2.62
Canada v Bosnia-Herzegovina,13 Jun 06:00,Player to be Fouled,Player to be Fouled,Edin Dzeko,11,Edin Dzeko,3+,3+,2.75
Canada v Bosnia-Herzegovina,13 Jun 06:00,Player to be Fouled,Player to be Fouled,Tajon Buchanan,17,Tajon Buchanan,3+,3+,2.62
Canada v Bosnia-Herzegovina,13 Jun 06:00,Player to be Fouled,Player to be Fouled,Ali Ahmed,20,Ali Ahmed,3+,3+,3.00
Canada v Bosnia-Herzegovina,13 Jun 06:00,Player to be Fouled,Player to be Fouled,Esmir Bajraktarevic,20,Esmir Bajraktarevic,3+,3+,3.00
Canada v Bosnia-Herzegovina,13 Jun 06:00,Player to be Fouled,Player to be Fouled,Ismael Kone,8,Ismael Kone,3+,3+,3.25
Canada v Bosnia-Herzegovina,13 Jun 06:00,Player to be Fouled,Player to be Fouled,Promise David,24,Promise David,3+,3+,3.00
Canada v Bosnia-Herzegovina,13 Jun 06:00,Player to be Fouled,Player to be Fouled,Samed Bazdar,9,Samed Bazdar,3+,3+,3.25
Canada v Bosnia-Herzegovina,13 Jun 06:00,Player to be Fouled,Player to be Fouled,Luc De Fougerolles,4,Luc De Fougerolles,3+,3+,3.40
Canada v Bosnia-Herzegovina,13 Jun 06:00,Player to be Fouled,Player to be Fouled,Stephen Eustaquio,7,Stephen Eustaquio,3+,3+,3.25
Canada v Bosnia-Herzegovina,13 Jun 06:00,Player to be Fouled,Player to be Fouled,Armin Gigovic,8,Armin Gigovic,3+,3+,4.00
Canada v Bosnia-Herzegovina,13 Jun 06:00,Player to be Fouled,Player to be Fouled,Jayden Nelson,26,Jayden Nelson,3+,3+,4.00
Canada v Bosnia-Herzegovina,13 Jun 06:00,Player to be Fouled,Player to be Fouled,Tani Oluwaseyi,12,Tani Oluwaseyi,3+,3+,4.00
Canada v Bosnia-Herzegovina,13 Jun 06:00,Player to be Fouled,Player to be Fouled,Amar Dedic,7,Amar Dedic,3+,3+,4.33
Canada v Bosnia-Herzegovina,13 Jun 06:00,Player to be Fouled,Player to be Fouled,Haris Tabakovic,23,Haris Tabakovic,3+,3+,5.00
Canada v Bosnia-Herzegovina,13 Jun 06:00,Player to be Fouled,Player to be Fouled,Ivan Basic,13,Ivan Basic,3+,3+,5.00
Canada v Bosnia-Herzegovina,13 Jun 06:00,Player to be Fouled,Player to be Fouled,Ermedin Demirovic,10,Ermedin Demirovic,3+,3+,5.50
Canada v Bosnia-Herzegovina,13 Jun 06:00,Player to be Fouled,Player to be Fouled,Joel Waterman,5,Joel Waterman,3+,3+,5.50
Canada v Bosnia-Herzegovina,13 Jun 06:00,Player to be Fouled,Player to be Fouled,Liam Millar,11,Liam Millar,3+,3+,5.50
Canada v Bosnia-Herzegovina,13 Jun 06:00,Player to be Fouled,Player to be Fouled,Amir Hadziahmetovic,16,Amir Hadziahmetovic,3+,3+,5.50
Canada v Bosnia-Herzegovina,13 Jun 06:00,Player to be Fouled,Player to be Fouled,Derek Cornelius,13,Derek Cornelius,3+,3+,6.00
Canada v Bosnia-Herzegovina,13 Jun 06:00,Player to be Fouled,Player to be Fouled,Ermin Mahmic,26,Ermin Mahmic,3+,3+,6.00
Canada v Bosnia-Herzegovina,13 Jun 06:00,Player to be Fouled,Player to be Fouled,Mathieu Choiniere,6,Mathieu Choiniere,3+,3+,6.00
Canada v Bosnia-Herzegovina,13 Jun 06:00,Player to be Fouled,Player to be Fouled,Niko Sigur,23,Niko Sigur,3+,3+,6.00
Canada v Bosnia-Herzegovina,13 Jun 06:00,Player to be Fouled,Player to be Fouled,Benjamin Tahirovic,6,Benjamin Tahirovic,3+,3+,6.50
Canada v Bosnia-Herzegovina,13 Jun 06:00,Player to be Fouled,Player to be Fouled,Cyle Larin,9,Cyle Larin,3+,3+,6.50
Canada v Bosnia-Herzegovina,13 Jun 06:00,Player to be Fouled,Player to be Fouled,Jacob Shaffelburg,14,Jacob Shaffelburg,3+,3+,6.50
Canada v Bosnia-Herzegovina,13 Jun 06:00,Player to be Fouled,Player to be Fouled,Jovo Lukic,25,Jovo Lukic,3+,3+,6.50
Canada v Bosnia-Herzegovina,13 Jun 06:00,Player to be Fouled,Player to be Fouled,Nathan-Dylan Saliba,25,Nathan-Dylan Saliba,3+,3+,6.50
Canada v Bosnia-Herzegovina,13 Jun 06:00,Player to be Fouled,Player to be Fouled,Nikola Katic,18,Nikola Katic,3+,3+,6.50
Canada v Bosnia-Herzegovina,13 Jun 06:00,Player to be Fouled,Player to be Fouled,Amar Memic,15,Amar Memic,3+,3+,7.00
Canada v Bosnia-Herzegovina,13 Jun 06:00,Player to be Fouled,Player to be Fouled,Dzenis Burnic,17,Dzenis Burnic,3+,3+,8.00
Canada v Bosnia-Herzegovina,13 Jun 06:00,Player to be Fouled,Player to be Fouled,Alistair Johnston,2,Alistair Johnston,3+,3+,9.00
Canada v Bosnia-Herzegovina,13 Jun 06:00,Player to be Fouled,Player to be Fouled,Sead Kolasinac,5,Sead Kolasinac,3+,3+,9.00
Canada v Bosnia-Herzegovina,13 Jun 06:00,Player to be Fouled,Player to be Fouled,Alfie Jones,3,Alfie Jones,3+,3+,10.00
Canada v Bosnia-Herzegovina,13 Jun 06:00,Player to be Fouled,Player to be Fouled,Ivan Sunjic,14,Ivan Sunjic,3+,3+,10.00
Canada v Bosnia-Herzegovina,13 Jun 06:00,Player to be Fouled,Player to be Fouled,Jonathan Osorio,21,Jonathan Osorio,3+,3+,10.00
Canada v Bosnia-Herzegovina,13 Jun 06:00,Player to be Fouled,Player to be Fouled,Nidal Celik,24,Nidal Celik,3+,3+,11.00
Canada v Bosnia-Herzegovina,13 Jun 06:00,Player to be Fouled,Player to be Fouled,Dennis Hadzikadunic,3,Dennis Hadzikadunic,3+,3+,13.00
Canada v Bosnia-Herzegovina,13 Jun 06:00,Player to be Fouled,Player to be Fouled,Tarik Muharemovic,4,Tarik Muharemovic,3+,3+,15.00
Canada v Bosnia-Herzegovina,13 Jun 06:00,Player to be Fouled,Player to be Fouled,Nihad Mujakic,2,Nihad Mujakic,3+,3+,17.00
Canada v Bosnia-Herzegovina,13 Jun 06:00,Player to be Fouled,Player to be Fouled,Stjepan Radeljic,21,Stjepan Radeljic,3+,3+,17.00
Canada v Bosnia-Herzegovina,13 Jun 06:00,Player to be Fouled,Player to be Fouled,Moise Bombito,15,Moise Bombito,3+,3+,23.00
Canada v Bosnia-Herzegovina,13 Jun 06:00,Player to be Fouled,Player to be Fouled,Richie Laryea,22,Richie Laryea,4+,4+,1.90
Canada v Bosnia-Herzegovina,13 Jun 06:00,Player to be Fouled,Player to be Fouled,Jonathan David,10,Jonathan David,4+,4+,4.00
Canada v Bosnia-Herzegovina,13 Jun 06:00,Player to be Fouled,Player to be Fouled,Kerim Alajbegovic,19,Kerim Alajbegovic,4+,4+,5.00
Canada v Bosnia-Herzegovina,13 Jun 06:00,Player to be Fouled,Player to be Fouled,Edin Dzeko,11,Edin Dzeko,4+,4+,6.00
Canada v Bosnia-Herzegovina,13 Jun 06:00,Player to be Fouled,Player to be Fouled,Tajon Buchanan,17,Tajon Buchanan,4+,4+,5.50
Canada v Bosnia-Herzegovina,13 Jun 06:00,Player to be Fouled,Player to be Fouled,Ali Ahmed,20,Ali Ahmed,4+,4+,6.50
Canada v Bosnia-Herzegovina,13 Jun 06:00,Player to be Fouled,Player to be Fouled,Esmir Bajraktarevic,20,Esmir Bajraktarevic,4+,4+,6.50
Canada v Bosnia-Herzegovina,13 Jun 06:00,Player to be Fouled,Player to be Fouled,Ismael Kone,8,Ismael Kone,4+,4+,7.00
Canada v Bosnia-Herzegovina,13 Jun 06:00,Player to be Fouled,Player to be Fouled,Promise David,24,Promise David,4+,4+,6.50
Canada v Bosnia-Herzegovina,13 Jun 06:00,Player to be Fouled,Player to be Fouled,Samed Bazdar,9,Samed Bazdar,4+,4+,7.00
Canada v Bosnia-Herzegovina,13 Jun 06:00,Player to be Fouled,Player to be Fouled,Luc De Fougerolles,4,Luc De Fougerolles,4+,4+,8.00
Canada v Bosnia-Herzegovina,13 Jun 06:00,Player to be Fouled,Player to be Fouled,Stephen Eustaquio,7,Stephen Eustaquio,4+,4+,7.00
Canada v Bosnia-Herzegovina,13 Jun 06:00,Player to be Fouled,Player to be Fouled,Armin Gigovic,8,Armin Gigovic,4+,4+,10.00
Canada v Bosnia-Herzegovina,13 Jun 06:00,Player to be Fouled,Player to be Fouled,Jayden Nelson,26,Jayden Nelson,4+,4+,10.00
Canada v Bosnia-Herzegovina,13 Jun 06:00,Player to be Fouled,Player to be Fouled,Tani Oluwaseyi,12,Tani Oluwaseyi,4+,4+,10.00
Canada v Bosnia-Herzegovina,13 Jun 06:00,Player to be Fouled,Player to be Fouled,Amar Dedic,7,Amar Dedic,4+,4+,11.00
Canada v Bosnia-Herzegovina,13 Jun 06:00,Player to be Fouled,Player to be Fouled,Haris Tabakovic,23,Haris Tabakovic,4+,4+,13.00
Canada v Bosnia-Herzegovina,13 Jun 06:00,Player to be Fouled,Player to be Fouled,Ivan Basic,13,Ivan Basic,4+,4+,13.00
Canada v Bosnia-Herzegovina,13 Jun 06:00,Player to be Fouled,Player to be Fouled,Ermedin Demirovic,10,Ermedin Demirovic,4+,4+,13.00
Canada v Bosnia-Herzegovina,13 Jun 06:00,Player to be Fouled,Player to be Fouled,Joel Waterman,5,Joel Waterman,4+,4+,15.00
Canada v Bosnia-Herzegovina,13 Jun 06:00,Player to be Fouled,Player to be Fouled,Liam Millar,11,Liam Millar,4+,4+,15.00
Canada v Bosnia-Herzegovina,13 Jun 06:00,Player to be Fouled,Player to be Fouled,Amir Hadziahmetovic,16,Amir Hadziahmetovic,4+,4+,15.00
Canada v Bosnia-Herzegovina,13 Jun 06:00,Player to be Fouled,Player to be Fouled,Derek Cornelius,13,Derek Cornelius,4+,4+,15.00
Canada v Bosnia-Herzegovina,13 Jun 06:00,Player to be Fouled,Player to be Fouled,Ermin Mahmic,26,Ermin Mahmic,4+,4+,17.00
Canada v Bosnia-Herzegovina,13 Jun 06:00,Player to be Fouled,Player to be Fouled,Mathieu Choiniere,6,Mathieu Choiniere,4+,4+,15.00
Canada v Bosnia-Herzegovina,13 Jun 06:00,Player to be Fouled,Player to be Fouled,Niko Sigur,23,Niko Sigur,4+,4+,15.00
Canada v Bosnia-Herzegovina,13 Jun 06:00,Player to be Fouled,Player to be Fouled,Benjamin Tahirovic,6,Benjamin Tahirovic,4+,4+,17.00
Canada v Bosnia-Herzegovina,13 Jun 06:00,Player to be Fouled,Player to be Fouled,Cyle Larin,9,Cyle Larin,4+,4+,17.00
Canada v Bosnia-Herzegovina,13 Jun 06:00,Player to be Fouled,Player to be Fouled,Jacob Shaffelburg,14,Jacob Shaffelburg,4+,4+,17.00
Canada v Bosnia-Herzegovina,13 Jun 06:00,Player to be Fouled,Player to be Fouled,Jovo Lukic,25,Jovo Lukic,4+,4+,19.00
Canada v Bosnia-Herzegovina,13 Jun 06:00,Player to be Fouled,Player to be Fouled,Nathan-Dylan Saliba,25,Nathan-Dylan Saliba,4+,4+,17.00
Canada v Bosnia-Herzegovina,13 Jun 06:00,Player to be Fouled,Player to be Fouled,Nikola Katic,18,Nikola Katic,4+,4+,17.00
Canada v Bosnia-Herzegovina,13 Jun 06:00,Player to be Fouled,Player to be Fouled,Amar Memic,15,Amar Memic,4+,4+,19.00
Canada v Bosnia-Herzegovina,13 Jun 06:00,Player to be Fouled,Player to be Fouled,Dzenis Burnic,17,Dzenis Burnic,4+,4+,21.00
Canada v Bosnia-Herzegovina,13 Jun 06:00,Player to be Fouled,Player to be Fouled,Alistair Johnston,2,Alistair Johnston,4+,4+,23.00
Canada v Bosnia-Herzegovina,13 Jun 06:00,Player to be Fouled,Player to be Fouled,Sead Kolasinac,5,Sead Kolasinac,4+,4+,23.00
Canada v Bosnia-Herzegovina,13 Jun 06:00,Player to be Fouled,Player to be Fouled,Alfie Jones,3,Alfie Jones,4+,4+,26.00
Canada v Bosnia-Herzegovina,13 Jun 06:00,Player to be Fouled,Player to be Fouled,Ivan Sunjic,14,Ivan Sunjic,4+,4+,26.00
Canada v Bosnia-Herzegovina,13 Jun 06:00,Player to be Fouled,Player to be Fouled,Jonathan Osorio,21,Jonathan Osorio,4+,4+,26.00
Canada v Bosnia-Herzegovina,13 Jun 06:00,Player to be Fouled,Player to be Fouled,Richie Laryea,22,Richie Laryea,5+,5+,3.25
Canada v Bosnia-Herzegovina,13 Jun 06:00,Player to be Fouled,Player to be Fouled,Jonathan David,10,Jonathan David,5+,5+,9.00
Canada v Bosnia-Herzegovina,13 Jun 06:00,Player to be Fouled,Player to be Fouled,Kerim Alajbegovic,19,Kerim Alajbegovic,5+,5+,11.00
Canada v Bosnia-Herzegovina,13 Jun 06:00,Player to be Fouled,Player to be Fouled,Edin Dzeko,11,Edin Dzeko,5+,5+,13.00
Canada v Bosnia-Herzegovina,13 Jun 06:00,Player to be Fouled,Player to be Fouled,Tajon Buchanan,17,Tajon Buchanan,5+,5+,13.00
Canada v Bosnia-Herzegovina,13 Jun 06:00,Player to be Fouled,Player to be Fouled,Ali Ahmed,20,Ali Ahmed,5+,5+,15.00
Canada v Bosnia-Herzegovina,13 Jun 06:00,Player to be Fouled,Player to be Fouled,Esmir Bajraktarevic,20,Esmir Bajraktarevic,5+,5+,15.00
Canada v Bosnia-Herzegovina,13 Jun 06:00,Player to be Fouled,Player to be Fouled,Ismael Kone,8,Ismael Kone,5+,5+,17.00
Canada v Bosnia-Herzegovina,13 Jun 06:00,Player to be Fouled,Player to be Fouled,Promise David,24,Promise David,5+,5+,15.00
Canada v Bosnia-Herzegovina,13 Jun 06:00,Player to be Fouled,Player to be Fouled,Samed Bazdar,9,Samed Bazdar,5+,5+,15.00
Canada v Bosnia-Herzegovina,13 Jun 06:00,Player to be Fouled,Player to be Fouled,Luc De Fougerolles,4,Luc De Fougerolles,5+,5+,19.00
Canada v Bosnia-Herzegovina,13 Jun 06:00,Player to be Fouled,Player to be Fouled,Stephen Eustaquio,7,Stephen Eustaquio,5+,5+,17.00
Canada v Bosnia-Herzegovina,13 Jun 06:00,Player to be Fouled,Player to be Fouled,Armin Gigovic,8,Armin Gigovic,5+,5+,21.00
Canada v Bosnia-Herzegovina,13 Jun 06:00,Player to be Fouled,Player to be Fouled,Jayden Nelson,26,Jayden Nelson,5+,5+,23.00
Canada v Bosnia-Herzegovina,13 Jun 06:00,Player to be Fouled,Player to be Fouled,Tani Oluwaseyi,12,Tani Oluwaseyi,5+,5+,23.00
Canada v Bosnia-Herzegovina,13 Jun 06:00,Player to be Fouled,Player to be Fouled,Amar Dedic,7,Amar Dedic,5+,5+,26.00
Canada v Bosnia-Herzegovina,13 Jun 06:00,Player to be Fouled,Player to be Fouled,Richie Laryea,22,Richie Laryea,6+,6+,5.50
Canada v Bosnia-Herzegovina,13 Jun 06:00,Player to be Fouled,Player to be Fouled,Jonathan David,10,Jonathan David,6+,6+,19.00
Canada v Bosnia-Herzegovina,13 Jun 06:00,Player to be Fouled,Player to be Fouled,Kerim Alajbegovic,19,Kerim Alajbegovic,6+,6+,23.00
Canada v Bosnia-Herzegovina,13 Jun 06:00,Player to be Fouled,Player to be Fouled,Edin Dzeko,11,Edin Dzeko,6+,6+,26.00
Canada v Bosnia-Herzegovina,13 Jun 06:00,Player to be Fouled,Player to be Fouled,Richie Laryea,22,Richie Laryea,7+,7+,10.00
Canada v Bosnia-Herzegovina,13 Jun 06:00,Player to be Fouled,Player to be Fouled,Richie Laryea,22,Richie Laryea,8+,8+,19.00
Canada v Bosnia-Herzegovina,13 Jun 06:00,Result,Double Chance,Canada or Draw,,,,,1.18
Canada v Bosnia-Herzegovina,13 Jun 06:00,Result,Double Chance,Draw or Bosnia-Herzegovina,,,,,1.95
Canada v Bosnia-Herzegovina,13 Jun 06:00,Result,Double Chance,Canada or Bosnia-Herzegovina,,,,,1.28
Canada v Bosnia-Herzegovina,13 Jun 06:00,Goals,Goals Over/Under,Over 2.5,,,2.5,Over,2.30
Canada v Bosnia-Herzegovina,13 Jun 06:00,Goals,Goals Over/Under,Under 2.5,,,2.5,Under,1.61
Canada v Bosnia-Herzegovina,13 Jun 06:00,Goals,Alternative Total Goals,Over 0.5,,,0.5,Over,1.083
Canada v Bosnia-Herzegovina,13 Jun 06:00,Goals,Alternative Total Goals,Under 0.5,,,0.5,Under,7.50
Canada v Bosnia-Herzegovina,13 Jun 06:00,Goals,Alternative Total Goals,Over 1.5,,,1.5,Over,1.44
Canada v Bosnia-Herzegovina,13 Jun 06:00,Goals,Alternative Total Goals,Under 1.5,,,1.5,Under,2.75
Canada v Bosnia-Herzegovina,13 Jun 06:00,Goals,Alternative Total Goals,Over 3.5,,,3.5,Over,4.33
Canada v Bosnia-Herzegovina,13 Jun 06:00,Goals,Alternative Total Goals,Under 3.5,,,3.5,Under,1.22
Canada v Bosnia-Herzegovina,13 Jun 06:00,Goals,Alternative Total Goals,Over 4.5,,,4.5,Over,9.00
Canada v Bosnia-Herzegovina,13 Jun 06:00,Goals,Alternative Total Goals,Under 4.5,,,4.5,Under,1.071
Canada v Bosnia-Herzegovina,13 Jun 06:00,Goals,Alternative Total Goals,Over 5.5,,,5.5,Over,19.00
Canada v Bosnia-Herzegovina,13 Jun 06:00,Goals,Alternative Total Goals,Under 5.5,,,5.5,Under,1.02
Canada v Bosnia-Herzegovina,13 Jun 06:00,Goals,Alternative Total Goals,Over 6.5,,,6.5,Over,41.00
Canada v Bosnia-Herzegovina,13 Jun 06:00,Goals,Alternative Total Goals,Under 6.5,,,6.5,Under,1.004
Canada v Bosnia-Herzegovina,13 Jun 06:00,Goals,Both Teams To Score,Yes,,,,,2.10
Canada v Bosnia-Herzegovina,13 Jun 06:00,Goals,Both Teams To Score,No,,,,,1.66
Canada v Bosnia-Herzegovina,13 Jun 06:00,Goals,Match Result/Both Teams To Score,Canada & Yes,,,,Yes,4.75
Canada v Bosnia-Herzegovina,13 Jun 06:00,Goals,Match Result/Both Teams To Score,Canada & No,,,,No,2.62
Canada v Bosnia-Herzegovina,13 Jun 06:00,Goals,Match Result/Both Teams To Score,Bosnia-Herzegovina & Yes,,,,Yes,11.00
Canada v Bosnia-Herzegovina,13 Jun 06:00,Goals,Match Result/Both Teams To Score,Bosnia-Herzegovina & No,,,,No,7.00
Canada v Bosnia-Herzegovina,13 Jun 06:00,Goals,Match Result/Both Teams To Score,Draw & Yes,,,,Yes,5.00
Canada v Bosnia-Herzegovina,13 Jun 06:00,Goals,Match Result/Both Teams To Score,Draw & No,,,,No,7.50
Canada v Bosnia-Herzegovina,13 Jun 06:00,Half,Half Time/Full Time,Canada - Canada,,,,,2.87
Canada v Bosnia-Herzegovina,13 Jun 06:00,Half,Half Time/Full Time,Canada - Draw,,,,,15.00
Canada v Bosnia-Herzegovina,13 Jun 06:00,Half,Half Time/Full Time,Canada - Bosnia-Herzegovina,,,,,41.00
Canada v Bosnia-Herzegovina,13 Jun 06:00,Half,Half Time/Full Time,Draw - Canada,,,,,4.50
Canada v Bosnia-Herzegovina,13 Jun 06:00,Half,Half Time/Full Time,Draw - Draw,,,,,4.75
Canada v Bosnia-Herzegovina,13 Jun 06:00,Half,Half Time/Full Time,Draw - Bosnia-Herzegovina,,,,,9.50
Canada v Bosnia-Herzegovina,13 Jun 06:00,Half,Half Time/Full Time,Bosnia-Herzegovina - Canada,,,,,26.00
Canada v Bosnia-Herzegovina,13 Jun 06:00,Half,Half Time/Full Time,Bosnia-Herzegovina - Draw,,,,,17.00
Canada v Bosnia-Herzegovina,13 Jun 06:00,Half,Half Time/Full Time,Bosnia-Herzegovina - Bosnia-Herzegovina,,,,,8.50
Canada v Bosnia-Herzegovina,13 Jun 06:00,Corners,Corners,Over 9,,,9,Over,2.10
Canada v Bosnia-Herzegovina,13 Jun 06:00,Corners,Corners,Exactly 9,,,9,Exactly,7.50
Canada v Bosnia-Herzegovina,13 Jun 06:00,Corners,Corners,Under 9,,,9,Under,2.10
Canada v Bosnia-Herzegovina,13 Jun 06:00,Corners,Alternative Corners,Over 4,,,4,Over,1.04
Canada v Bosnia-Herzegovina,13 Jun 06:00,Corners,Alternative Corners,Exactly 4,,,4,Exactly,17.00
Canada v Bosnia-Herzegovina,13 Jun 06:00,Corners,Alternative Corners,Under 4,,,4,Under,26.00
Canada v Bosnia-Herzegovina,13 Jun 06:00,Corners,Alternative Corners,Over 5,,,5,Over,1.10
Canada v Bosnia-Herzegovina,13 Jun 06:00,Corners,Alternative Corners,Exactly 5,,,5,Exactly,13.00
Canada v Bosnia-Herzegovina,13 Jun 06:00,Corners,Alternative Corners,Under 5,,,5,Under,13.00
Canada v Bosnia-Herzegovina,13 Jun 06:00,Corners,Alternative Corners,Over 6,,,6,Over,1.20
Canada v Bosnia-Herzegovina,13 Jun 06:00,Corners,Alternative Corners,Exactly 6,,,6,Exactly,9.50
Canada v Bosnia-Herzegovina,13 Jun 06:00,Corners,Alternative Corners,Under 6,,,6,Under,7.00
Canada v Bosnia-Herzegovina,13 Jun 06:00,Corners,Alternative Corners,Over 7,,,7,Over,1.36
Canada v Bosnia-Herzegovina,13 Jun 06:00,Corners,Alternative Corners,Exactly 7,,,7,Exactly,8.00
Canada v Bosnia-Herzegovina,13 Jun 06:00,Corners,Alternative Corners,Under 7,,,7,Under,4.33
Canada v Bosnia-Herzegovina,13 Jun 06:00,Corners,Alternative Corners,Over 8,,,8,Over,1.66
Canada v Bosnia-Herzegovina,13 Jun 06:00,Corners,Alternative Corners,Exactly 8,,,8,Exactly,7.50
Canada v Bosnia-Herzegovina,13 Jun 06:00,Corners,Alternative Corners,Under 8,,,8,Under,3.00
Canada v Bosnia-Herzegovina,13 Jun 06:00,Corners,Alternative Corners,Over 10,,,10,Over,2.75
Canada v Bosnia-Herzegovina,13 Jun 06:00,Corners,Alternative Corners,Exactly 10,,,10,Exactly,8.50
Canada v Bosnia-Herzegovina,13 Jun 06:00,Corners,Alternative Corners,Under 10,,,10,Under,1.66
Canada v Bosnia-Herzegovina,13 Jun 06:00,Goals,Match Goals Range,2-4 Goals Yes,,,2-4,Yes,1.61
Canada v Bosnia-Herzegovina,13 Jun 06:00,Goals,Match Goals Range,2-4 Goals No,,,2-4,No,2.20
Canada v Bosnia-Herzegovina,13 Jun 06:00,Goals,Team Goals Range,Canada 2-4 Yes,,,2-4,Yes,2.20
Canada v Bosnia-Herzegovina,13 Jun 06:00,Goals,Team Goals Range,Canada 2-4 No,,,2-4,No,1.61
Canada v Bosnia-Herzegovina,13 Jun 06:00,Goals,Team Goals Range,Bosnia-Herzegovina 2-4 Yes,,,2-4,Yes,4.50
Canada v Bosnia-Herzegovina,13 Jun 06:00,Goals,Team Goals Range,Bosnia-Herzegovina 2-4 No,,,2-4,No,1.18
Canada v Bosnia-Herzegovina,13 Jun 06:00,Cards,Both Teams to Receive Cards,Both teams a card Yes,,,a Card,Yes,1.18
Canada v Bosnia-Herzegovina,13 Jun 06:00,Cards,Both Teams to Receive Cards,Both teams a card No,,,a Card,No,4.50
Canada v Bosnia-Herzegovina,13 Jun 06:00,Result,Draw No Bet,Canada,,,,,1.30
Canada v Bosnia-Herzegovina,13 Jun 06:00,Result,Draw No Bet,Bosnia-Herzegovina,,,,,3.40
Canada v Bosnia-Herzegovina,13 Jun 06:00,Half,2nd Half Goals Range,2-4 Goals Yes,,,2-4,Yes,2.50
Canada v Bosnia-Herzegovina,13 Jun 06:00,Half,2nd Half Goals Range,2-4 Goals No,,,2-4,No,1.50
Canada v Bosnia-Herzegovina,13 Jun 06:00,Goals,Results/Goals Range,Canada & 2-4 Yes,,,2-4,Yes,2.87
Canada v Bosnia-Herzegovina,13 Jun 06:00,Goals,Results/Goals Range,Canada & 2-4 No,,,2-4,No,4.33
Canada v Bosnia-Herzegovina,13 Jun 06:00,Goals,Results/Goals Range,Draw & 2-4 Yes,,,2-4,Yes,5.50
Canada v Bosnia-Herzegovina,13 Jun 06:00,Goals,Results/Goals Range,Draw & 2-4 No,,,2-4,No,8.50
Canada v Bosnia-Herzegovina,13 Jun 06:00,Goals,Results/Goals Range,Bosnia-Herzegovina & 2-4 Yes,,,2-4,Yes,9.00
Canada v Bosnia-Herzegovina,13 Jun 06:00,Goals,Results/Goals Range,Bosnia-Herzegovina & 2-4 No,,,2-4,No,9.50
Canada v Bosnia-Herzegovina,13 Jun 06:00,Goals,Double Chance/Goals Range,Canada or Draw & 2-4 Yes,,,2-4,Yes,1.90
Canada v Bosnia-Herzegovina,13 Jun 06:00,Goals,Double Chance/Goals Range,Canada or Draw & 2-4 No,,,2-4,No,2.87
Canada v Bosnia-Herzegovina,13 Jun 06:00,Goals,Double Chance/Goals Range,Draw or Bosnia-Herzegovina & 2-4 Yes,,,2-4,Yes,3.40
Canada v Bosnia-Herzegovina,13 Jun 06:00,Goals,Double Chance/Goals Range,Draw or Bosnia-Herzegovina & 2-4 No,,,2-4,No,4.50
Canada v Bosnia-Herzegovina,13 Jun 06:00,Goals,Double Chance/Goals Range,Canada or Bosnia-Herzegovina & 2-4 Yes,,,2-4,Yes,2.20
Canada v Bosnia-Herzegovina,13 Jun 06:00,Goals,Double Chance/Goals Range,Canada or Bosnia-Herzegovina & 2-4 No,,,2-4,No,3.00
